CV_number;CV_text
CV_1;SELMA LAFKIR CORDE 80 CODEUSE ENTHOUSIASTE PROFIL PERSONNEL Je suis étudiante au lycée Condorcet. Je code depuis l'âge de 13 ans et j'aime créer des sites Web et utiliser la technologie pour aider les gens. RÉALISATIONS Chef d'équipe du site Web du lycée - Vice-présidente du club cinématographique du lycée - Trésorière de la société des codeurs du lycée - Premier prix au Hackathon de Condorcet EXPÉRIENCE Tuteur en mathématiques Centre scolaire de Condorcet Jan 2019 - présent • Cours particuliers avec des élèves du secondaire sur différents domaines des mathématiques • Cours d'algèbre Développeuse stagiaire | Berou Solutions, Inc. mars - mai 2019 Traduction de wireframes en code frontal Aide à la création d'une application de commande en ligne Recherche d'utilisateurs effectuée par le biais d'enquêtes et d'entretiens PARCOURS SCOLAIRE Lycée de Condorcet · Spécialisation en technologie | Classe de 2020 • Diplômée avec une moyenne de 16/20 • Membre de l'association des étudiants en histoire Excellence académique en histoire, mathématiques et multimédia durant 2 années consécutives RÉFÉRENCES Marion Bardot | Professeure, lycée de Condorcet Caroline Clément | Professeure, lycée Beaulieu Myriam Barbu | Directrice, Centre scolaire de Condorcet 01 12 13 14 15 bonjour@sitevraimentsuper.fr www.sitevraimentsuper.fr
CV_2;"Ananya Singh 
Professeure de Lycée
PROFIL PERSONNEL
Je suis une éducatrice expérimentée et dévouée qui se concentre sur le soutien du développement holistique des étudiants pour leur permettre d'atteindre leur potentiel.
LANGUES ET COMPÉTENCES
• Parle couramment l'anglais, le Hindi et le Tamoul • Très bonne communication à l'oral et à l'écrit • Experte en organisation et gestion de cours
RÉALISATIONS
• Élaboration d'un programme de soutien par les pairs pour les aînés, améliorant le taux d'obtention de diplôme de 10 % • Création du programme de préparation au collège pour les étudiants juniors et seniors
PARCOURS SCOLAIRE
EXPÉRIENCE EN ENSEIGNEMENT
Université de Condorcet
Professeure de lycée
MASTER EN ÉDUCATION, 2014
ÉCOLE SECONDAIRE DE CONDORCET 2014 - À PRÉSENT
• Diplômée avec Mention • Candidate à la meilleure thèse pour « Stratégies de regroupement étudiant-enseignant pour la préparation aux études postsecondaires »
• Responsable, Programme de préparation au collège, 2018 - Présent • Directrice adjointe, Département d'études sociales, 2014 - Aujourd'hui • Conseillère, Club Oratoire, 2014 - 2016
Institut de Condorcet
Professeure de lycée INSTITUT DE CONDORCET 2012 - 2014
LICENCE EN ÉDUCATION, 2011 • Diplômée avec une moyenne générale de 18/20 • Thèse : ""Étude de l'apprentissage en ligne"" • Tutrice et cours particuliers
• Professeure de sciences sociales, 2012 - 2014 • Professeur, Anglais et littérature, 2012 - 2013 • Tutrice, Association des sciences sociales, 2012 - 2013
INFORMATIONS DE CONTACT
10, rue d'Alésia 75014 Paris, France
E-mail : bonjour@sitevraimentsuper.fr
Téléphone Fixe : 01 45 66 77 89 Téléphone Professionnel : 01 45 66 77 88
m"
CV_3;"Samira Hadid 
16 place Urbain II, 63000 Clermont-Ferrand, 04-73-25-68-89 bonjour@canvasupersite.fr www.canvasupersite.fr @canvasupersite.fr
Directrice marketing axée sur les résultats avec plus de 10 ans d'expérience grâce à des solutions marketing efficaces pour stimuler la croissance des ventes et renforcer l'équité de la marque auprès des clients. Planification et supervision de la stratégie marketing globale sur diverses plateformes. Spécialiste en mise en cuvre et gestion de projet
Formation Scolaire
Expérience Professionnelle
Directrice du marketing Agence Stratégie Numérique de mai 2018 à aujourd'hui Supervision des stratégies de marketing numérique et gestion des opérations quotidiennes de l'agence
Université ParisDauphine Paris Master en communication marketing intégrée 2021 Major de promotion Prix du meilleur mémoire de master Université d'Angers Angers Licence de gestion marketing 2014 Major de promotion Tableau d'honneur
Directrice des réseaux sociaux Cosmétiques Mine éclatante de décembre 2016 à mai 2018 Collecte et analyse de données pour les produits. Gestion des comptes officiels pour l'entreprise sur les réseaux sociaux.
Responsable de l'équipe de marketing numérique Stylos, Papier et Cie. de juillet 2014 à novembre 2016 Planification et mise en œuvre de stratégies de marketing numérique qui ont augmenté le trafic organique du site de 150 %.
Compétences et savoir-faire
Bénévolat et homologation
Directrice du marketing numérique
• Marketing sur les réseaux sociaux • Compétences en communication
interpersonnelle • Parle couramment l'arabe et bonne
connaissance de l'anglais
Fondation pour les enfants de Condorcet de janvier 2016 à août 2019 Participation bénévole à la gestion des comptes sur les réseaux sociaux et réalisation
Conduite de ses efforts de marketing numérique. BTS de contenu et de marketing par e-mail École de marketing de Condorcet mars 2015 Programme en ligne pour renforcer mes compétences en création de contenu et marketing."
CV_4;"Carine Maurice 
Ingénieure logiciel avec 10 ans d'expérience en applications professionnelles. Soucieuse de rejoindre l'entreprise Tech et Cie, pour construire des solutions prêtes à l'emploi pour ses clients régionaux. Qualifiée en élaboration de plans d'action gestion de projets et guide d'utilisation.
EXPÉRIENCE PROFESSIONNELLE
22, rue du Faubourg Saint Honoré 75008 Paris, 01 40 45 65 89 bonjour@canvasupersite.fr www.canvasupersite.fr @canvasupersite.fr
Ingénieure logiciel expérimentée Agence de développement de logiciels Numérix d'août 2017 à aujourd'hui Supervise le développement des applications. Recherche et développement de nouvelles façons d'améliorer le processus de développement. Formation des ingénieurs logiciel débutants.
Ingénieure logiciel débutante Agence de développement de logiciels Numérix de juin 2011 à juin 2017 Développement, installation et configuration des applications internes et de nouvelles applications dans les environnements de test et de production.
COMPÉTENCES
• Java, HTML, CSS, jQuery, PHP,
serveur SQL • Travail d'équipe, polyvalence et
attention particulière aux détails • Développement de logiciels et de
sites
Stage en génie logiciel chez Solutions Bertrand de septembre 2010 à mars 2011 Achèvement d'un stage de six mois pour l'obtention du Master. Développement d'un système d'informations pour les ressources humaines basé sur le cloud, consolidation des informations concernant les employés provenant de diverses bases de données et serveurs.
LANGUES
FORMATION SCOLAIRE
• Français (langue maternelle) • Anglais américain (niveau B2) • Espagnol (niveau B1)
Master en génie logiciel de l'université de Lille, Lille | 2014 Chercheuse diplômée à l'Agence de développement de logiciels Numérix
Licence pro Métiers du génie logiciel, IUT Metz | 2011 Mention bien"
CV_5;"MARCELLE ANDRÉ EXPÉRIENCE PROFESSIONNELLE 
ASSOCIÉE AU MARKETING
Studios ZimCore, 2021 - Aujourd'hui
Associée au marketing
- A conceptualisé et exécuté avec succès des campagnes de marketing traditionnelles et numériques - A analysé des résultats d'études de marché - A créé un calendrier de marketing
SPÉCIALISTE MARKETING
Solutions Elkine, 2020 - 2021
- Recherche des préférences des consommateurs et des tendances marketing - Planification et mise en oeuvre des Stratégies marketing - Collaboration avec les équipes de création et de stratégie
PROFIL PERSONNEL
FORMATION UNIVERSITAIRE
Un agent de marketing professionnel et motivé, doté de nombreuses années d'expérience dans la mise en oeuvre de
stratégies et de campagnes publicitaires efficaces.
UNIVERSITÉ DE QUIMPER
Licence en Marketing, 2016-2020
- Récipiendaire du Prix de l'Excellence - Distinction honorifique du doyen - Gagnant du Prix du Meilleur étudiant en marketing 2019 - Membre du Club de l'entrepreneuriat
RÉALISATIONS
LYCÉE CONDORCET
Diplômée avec les honneurs, 2012-2016
- Récipiendaire du prix d'Excellence en marketing 2022 - Gagnant du prix de l'Employé créatif de ZimCore pour l'année 2021 - En vedette dans les « 100 meilleurs Gourous du Marketing » du magazine La Vie
- Excellence universitaire en anglais, histoire et mathématiques - Présidente du club des affaires de Condorcet - Membre du Conseil étudiant
COORDONNÉES :
COMPÉTENCES ET SAVOIR-FAIRE
Téléphone : 01 23 45 67 89 E-mail : bonjour @ sitevraimentsuper.fr
LinkedIn : @sitevraimentsuper.fr Site web : sitevraimentsuper.fr
12 rue Desaix, 75110 Paris
- Compétences en marketing - Compétences en rédaction - Compétences en développement de contenu - Gestion du temps et organisation - Compétences en communication et présentation"
CV_6;"Julien Baupin 
INGÉNIEUR LOGICIEL
PROFIL PERSONNEL
Diplômé de l'Institut de technologie et d'informatique, je suis spécialisé dans le débogage, la conception et les tests de logiciels. J'aime travailler en équipe et suis capable d'apprendre et d'appliquer rapidement de nouvelles technologies.
FORMATION
ACCOMPLISSEMENTS
Développement de logiciels ME École supérieure de Condorcet / 2018 - 2020 Développement de solutions logicielles pour le département d'ingénierie Reconnu pour la mise en oeuvre d'un nouveau processus de mise à jour qui a amélioré la charge de la base de données de l'école
Diplômé avec mention très bien Prix du volontariat Reconnu pour une présence assidue Premier prix à l'exposition annuelle de
programmation
Licence en Ingénierie informatique École technique de Condorcet / 2014 - 2018 Excellence académique Prix de l'innovation en technologie Prix du bénévolat pour l'exposition annuelle de l'école
COORDONNÉES
C
01 12 13 14 15 01 44 55 66 77
ACTIVITÉS EXTRASCOLAIRES
bonjour@sitevraimentsuper.fr
6, place Fernand Lafargue, 33000 Bordeaux
École technique de Condorcet Équipe de Debate / Club d'échecs / Guilde des jeunes développeurs
in
@sitevraimentsuper
Participation à des débats publiques sur des sujets généraux Développement d'une tactique de débat appliquée qui a aidé à mener l'équipe à la victoire Gestion d'événements pour la Guilde des jeunes développeurs
COMPÉTENCES ET QUALIFICATIONS
Bénévolat
Soupe populaire de la Guilde des jeunes développeurs / Vélo pour tous 2017
Raisonnement logique et résolution de problèmes Débogage de logiciels Programmation informatique Codage Bonne communication orale et écrite
• Service de repas aux sans-abris chaque week-end dans le cadre de la
soupe populaire organisée par la Guilde des jeunes développeurs • Enseignement du vélo aux enfants de la Fondation pour les Orphelins"
CV_7;BENJAMIN SÉVENO Travailleur social HISTORIQUE DE TRAVAIL Assistant juridique SERVICE D'ASSISTANCES AUX POPULATIONS DÉMUNIES, 2017-PRÉSENT Gestion des recherches et des recommandations d'actions en justice Organisation des dossiers nécessaires pour le tribunal Assistance aux avocats pour la préparation des procès et des audiences Stagiaire en travail social CENTRE DE SANTÉ SAINT-DENIS, SEPT. 2006-MARS 2007 Prise en charge psychologique individuelle des femmes et des enfants Création de programmes utilisant la thérapie par le jeu pour les enfants OBJECTIF DE CARRIÈRE Obtenir un poste à plein temps en tant que travailleur social dans une agence multiculturelle au service de minorités et de familles ou individus réfugiés. FORMATION UNIVERSITAIRE Université de Saint-Denis MASTER II ACTION SOCIALE MAI 2007 - Diplôme obtenu avec mention Très bien - Prix de mémoire de Master II : Psychologie du changement durable - Membre de la société pour les travailleurs sociaux et les entrepreneurs DIPLÔMES : Faculté de droit de l'Université de Grenoble (2009) Membre de l'association des travailleurs sociaux, Chapitre de Grenoble (2004) Université de Saint-Denis LICENCE EN PSYCHOLOGIE MAI 2001 Félicitations du jury Finaliste, meilleure Thèse : « La psychologie au service de l'interculturalisme » Membre de l'association Jeunes Leaders d'action sociale DIPLÔMES : INFORMATIONS DE CONTACT Téléphone : 01 23 56 67 89 E-mail : bs@sitesuper.fr LinkedIn : @sitevraimentsuper 12 rue de la Paix, 75110 Paris - Travailleur social agréé (Décembre 2008) - Membre de l'Association des travailleurs sociaux - Membre du groupe d'action sociale de Condorcet
CV_8;HANNAH MARNIER Prof de maths BIOGRAPHIE PROFESSIONNELLE EXPÉRIENCE PROFESSIONELLE Professeur de mathématiques en école primaire Académie du tutorat | février 2016 - présent • Je suis une enseignante d'école primaire qui se spécialise dans les mathématiques J'applique la méthode des intelligences multiples dans mes classes, et mon objectif est de rendre les mathématiques amusantes. 1. Développement de plans de leçon quotidienne et enseignement des enfants du CP au CE2 Remaniement du département de mathématiques sur la méthodologie d'apprentissage pour être plus interactif et engageant COMPÉTENCES ET SAVOIR-FAIRE Professeure et tutrice de mathématiques La revue des maths | octobre 2013 - janvier 2016 1. Gestion de classe 2. Enseignement de mathématiques 3. Modèle d'apprentissage pour intelligences multiples 4.Planification de leçon créatives 5. Évaluation des élèves 6. Surveillance d'examens 1. Enseignement de revues de groupe pour les classes des élèves de l'école primaire 2. Séances individuelles pour les sujets spécifiques 3. Contribution au contenu du manuel de La revue des maths PROFIL UNIVERSITAIRE CONTACTEZ-MOI Université de Vezoul Maîtrise en arts | mai 2013 - décembre 2015 • E-mail : bonjour@sitevraimentsuper.fr • Site : www.sitevraimentsuper.fr • LinkedIn: @sitevraimentsuper • Adresse : 12 rue Desaix, • 75000 Paris • Maîtrise en éducation • Spécialisation en enseignement pour le niveau primaire • Conception d'un programme accéléré de une année pour les étudiants en avance RÉFÉRENCES PERSONNELLES • Professeur Jacques De Faucompret, Université de l'enseignement • E-mail : bonjour@sitevraimentsuper.fr
CV_9;KINN Linda 21, rue du Soleil Levant 49100 ANGERS Portable : 06 74 80 96 43 E-mail : kinn.linda@yahoo.fr Née le 8 Juillet 1988 (28 ans) Permis B + véhicule Expériences professionnelles Déc. 2015 - Fév. 2016 Barmaid Criniti's, Restaurant italien, Australie Oct. 2015 - Déc. 2015 Serveuse en restauration The Flynn, Bar/Restaurant, Australie Sept. 2012 - Sept. 2014 Chef de secteur alimentaire Monoprix, Grande distribution, Paris Sept. 2011 - Sept. 2012 Chef de département alimentaire Monoprix, Grande distribution, Rennes Sept. 2010 - Sept. 2011 Assistante Manager Jofrati, Magasin de prêt-à-porter féminin, Angers Sept. 2009 - Sept. 2010 Assistante Manager Le Shantou, Restaurant traditionnel asiatique, Angers Août 2008 - Août 2009 Assistant Manager Subway Fleur d'Eau, Fast-food de sandwicherie, Angers Education 2012 - 2014 2011 - 2012 Master Marketing Commerce et Développement Groupe IGS, Paris Licence professionnelle DISTRISUP L'IUT Angers-Cholet, Angers BTS Management des Unités Commerciales Groupe Sacré-Coeur, 12SC, Angers 2009 - 2011 Compétences informatiques Compétences linguistiques World Excel Power Point Publisher Français Anglais Khmer Espagnol Loisirs Voyages, Musique, Cinéma, Sport
CV_10;DANY NGUYEN À LA RECHERCHE D'UN POSTE DANS LA DATA PROFIL FORMATION Après avoir passé mon BTS MUC et avoir travaillé plus de deux ans dans la vente, je poursuis ma carrière professionnelle en data science. De nature dynamique, curieuse, proactive et passionnée j'ai choisi de me reconvertir dans ce domaine pour faire une activité en phase avec ma personnalité. Jedha Bootcamp (2022) Certification RNCP niveau 6 (équivalent Bac +4) Licence : Concepteur/Développeur en science des données Akor Alternance (2017) BTS MUC (Management des Unités Commerciales) Lycée Blaise Cendrars (2015) Baccalauréat STMG spécialité mercatique EXPÉRIENCES PROFESSIONNELLES CONTACT Tel. 06.51.23.76.54 Villepinte, 93420 dany.nguyen1997@gmail.com Margeur La galiotte Prenant (94) | 2018 - Aujourd'hui Préparation des matières premières nécessaires à l'impression, planification de la production, entretien machine. INFORMATIQUE Vendeur Norauto Moisselles (95) I juil 2016-2018 Accueil et conseil, gestion des stocks, mise en rayon, élaboration de plan de financement et création de carte grise. Technicien Freelance One Park (75) I févr - juil 2016 Maintenance boîtiers et cartes MUX. - Langages : Python, SQL - Data analysis : Pandas, Numpy, Scipy, statsmodels - Data visualisation : Plotly, Matplotlib, Seaborn, Tableau, Excel, Power BI - Data collection and management : FastAPI, Beautiful Soup, Scrapy - Big Data : Spark, PySpark, Databricks - Machine learning : Sklearn, Tensorflow, Keras, spacy - Deployment: Streamlit, Docker, Heroku, MLFlow - Database: MySQL, PostgreSQL - Cloud : GCP, AWS - Other tools : VSCode, Jupyter Notebook and JupyterLab, Git and GitHub Employé libre service Auchan (93) 1 janv - juin 2016 Gestion des stocks, mise en rayon, conseil sur les produits. Vendeur Tim pièces auto (77) I sept 2015 - janv 2016 Accueil, conseil, livraison, gestion des stocks, édition factures et devis. CENTRES D'INTÉRÊT LANGUES - Français : Bilingue - Vietnamien : Langue natale - Anglais : Compétences professionnelles - Espagnol : Notions - Musique : piano et guitare (autodidacte) - Sport : free fight, jiu-jutsu brésilien, football - Jeux vidéo - Entreprenariat : e-commerce, trading
CV_11;"Sébastian Bernard
40 rue Descartes, 75002 Paris 01-23-45-67-89 bonjour@canvasupersite.fr www.canvasupersite.fr @canvasupersite.fr
Psychologue très performant, impatient de faire partie d'une organisation innovante telle que Tech et Cie où je peux appliquer mon savoir-faire et mes compétences en ressources humaines dans un environnement de startup.
Éducation
Licence en psychologie Université Marie Curie, Brest Obtention prévue en juin 2025
Baccalauréat Lycée Jeanne d'Arc, Brest 2018 - 2021
Expérience pertinente
Vice-président Amicale de psychologie, Université de Brest Juin 2023 à aujourd'hui Présente les conférenciers lors de des événements de l'université et garantit que tous les événements sont médiatisés. Aide le secrétaire à préparer et à soumettre des rapports sur les activités de l'amicale au siège social. Soutient les divers comités et dirigeants.
Stagiaire au services des ressources humaines avril 2024 à octobre 2024 Aidé l'équipe des ressources humaines lors de divers projets et initiatives. Soutenu la gestion quotidienne des dossiers confidentiels des employés. Contribué à améliorer les processus d'embauche, d'intégration et de renvoi ou de licenciement.
Assistant administratif bénévole Fondation Santiago avril 2022 à mai 2023 Aidé lors de diverses tâches administratives, telles que la photocopie, l'envoi et le classement de documents. Encodé les données des employés et des bénévoles dans le SIRH. Répondu aux appels téléphoniques et aux demandes par e-mail.
Compétences
• Travail avec les applications de productivité et les logiciels de
collaboration • Rédaction universitaire, commerciale et de discours Interprétation de
grandes quantités d'informations et conduite d'un projet de recherche"
CV_12;Paris 01 23 45 67 89 sitevraiment super.fr Delphine Saurin GRAPHISTE PROFESSIONNEL 2022 - 2023 Designer graphique senior En charge des budgets de production, de la supervision du développement et de l'implémentation du design et des contrats clients 2021 - 2022 Directeur du design graphique Supervision de tous les supports graphiques pour en garantir la qualité et l'exactitude 2020 - 2021 Spécialiste du design graphique Développement de programmes marketing de haute qualité : newsletters, diaporamas, brochures, publicités, panneaux d'affichage ÉDUCATION 2016 - 2020 Créateur de design virtuel le plus prometteur Licence en beaux-arts 2013 - 2016 Prix de l'Artiste le plus remarquable Guilde Creative, Collectif Pinceau et Team Abstract COMPÉTENCES INTÉRÊTS Adobe Photoshop Service communautaire Langues étrangères Adobe InDesign Nature Typographie Photographie Idéation Design Chiens Thinking
CV_13;MICHELLE ANDRÉ Assitante de direction PROFIL PROFESSIONNEL EXPÉRIENCE PROFESSIONNELLE Assistante de direction qualifiée avec plus de 10 ans d'expérience dans le domaine de la coordination, planification et des tâches opérationnelles et administratives quotidiennes Assitante de direction ABC Saint-Denis (janvier 2014 - présent) • Offre un soutien administratif au PDG et à d'autres membres de l'équipe de direction. Maintient l'agenda du PDG : planifie des réunions, des téléconférences et des voyages. COORDONNÉES • Téléphone : 01 23 45 67 89 • Portable : 01 2356 89 99 • bonjour@supersite.fr • www.sitevraiementsuper.fr • 12, rue Desaix 75000 Paris Assitante de direction Cabinet DEF de Saint-Denis (juin 2009 - jan 2014) • Offrir de l'aide à l'associé principal du cabinet. • Gestion des dépôts bancaires et autres documents de comptabilité. • Planification et coordination des initiatives de RP. des événements commerciaux, et plus encore. QUALIFICATIONS Plus d'une décennie de service à la préparation de rapports précis et soigneusement documentés, la gestion d'agendas chargés et la gestion des tâches quotidiennes de secrétériat. FORMATION Université de Nantes DU en gestion des entreprises, classe de 2009 • Secrétaire du club de marketing de l'Université de Nantes • Membre et collaboratrice au journal Le Pont de Nantes • Membre du Club des écrivains COMPÉTENCES ET SAVOIR-FAIRE Compétences en communication et relations interpersonnelles • Excellentes compétences organisationnelles et capacité de mener plusieurs tâches en même temps - Excellentes compétences en expression écrite · Anglais et espagnol courants Lycée de Saint-Denis 2005 Baccalauréat Major de promotion • Secrétaire, Secrétaire du club d'entrepreneuriat, • Membre du conseil étudiant • Membre du Club de la culture • Membre du Club d'espagnol • Membre du cCub des étudiants étrangers
CV_14;ROMANE LARRANT ANG GRAPHISTE À MON SUJET ÉDUCATION Université Blaise Pascal 2019 - 2023 Licence en Arts Multimédia Un graphiste est un professionnel de l'industrie du graphisme et des arts graphiques qui assemble des images, de la typographie ou des images animées pour créer un élément de design. Un graphiste crée des images qui seront ensuite publiées. Université Blaise Pascal 2023-2024 Certificat de Formation en Graphisme et Illustration EXPÉRIENCE • 2023STUDIO D'IMPRESSION GRAPHIQUE GRAPHISTE JUNIOR COMPÉTENCES En charge de la création des graphiques de la mise en page hors-ligne. Édition des photos éditoriales pour les clients et les magasines, ainsi que pour les publications sur les réseaux sociaux Organisation des fichiers • Conception graphique Illustration Photographie Graphiques mobiles Vidéographie Mise en page ... .. • 2025STUDIO D'IMPRESSION GRAPHIQUE GRAPHISTE SÉNIOR En charge de la création des graphiques de la mise en page hors-ligne. En charge de la création des graphiques de la mise en page hors-ligne. Edition des photos éditoriales pour les clients et les magasines, ainsi que pour les publications sur les réseaux sociaux Organisation des fichiers COORDONNÉES • 01 22 54 76 88 bonjour@sitevraimentsuper.fr www.sitevraimentsuper.fr • 2028STUDIO D'IMPRESSION GRAPHIQUE GRAPHISTE SENIOR • Travail en étroite collaboration avec l'équipe marketing pour produire des concepts pour les clients. Créé des concepts pour les principaux clients tels que la production de musique de Nemo et plus encore.
CV_15;"LUCIE MARNIER
• graphiste •
À MON SUJET
Un graphiste est un professionnel de l'industrie du graphisme et des arts graphiques qui assemble des images, de la typographie ou des images animées pour créer un élément de design. Un graphiste crée des images qui seront ensuite publiées.
PARCOURS SCOLAIRE 2019 - 2023 • Université de Dijon Licence en Communication 2023 - 2024 • Université de Dijon Certificat en graphisme et illustration
EXPÉRIENCE
2023
Studios Machine à presse Graphiste junior • Chargée de créer des images pour des mises en page hors ligne. • Modifier des photos pour des clients, des magazines et des réseaux sociaux. • Organisation des dossiers.
2025
Studios Machine à presse Graphiste junior • Chargée de créer des images pour des mises en page hors ligne. • Modifier des photos pour des clients, des magazines et des réseaux sociaux. • Organisation des dossiers.
2028
Studios Machine à presse Directrice artistique • Travaille en étroite collaboration avec l'équipe marketing pour élaborer des concepts pour les clients. • Crée des concepts pour les principaux clients tels que la production de musique et plus encore.
COMPÉTENCES
Images animées
Graphisme Illustration
Vidéographie Mise
Photographie
en page
06 23 45 89 20.01 23 45 89 12 .sitevraimentsuper@email.fr• www.sitevraimentsuper.fr"
CV_16;"Romain Stévenin
Je suis une personne très extravertie qui aime entrer en contact avec les gens. J'adore créer des campagnes marketing efficaces pour les produits auxquels je crois.
Marketer & Créatif
coordonnées
bonjour@sitevraimentsuper.fr Linkedin: @sitevraimentsuper.fr
expérience
Responsable du Marketing Numérique
Création et gestion de campagnes numériques pour les meilleurs clients. Augmentation de la présence numérique de deux clients et de l'interaction client de 200%
Société de Marketing Numérique de Condorcet Septembre 2017 - août 2019
compétences & expertise
Marketer Numérique Junior
Agence Marketing Digital
Domarin Septembre 2011 -- août 2017
Contribuer à des idées de campagnes de marketing numérique et en charge de contacter les bloggeurs pour des fonctionnalités et des liens réciproques. Référent pour le marketing digital.
• Sensibilité au branding de la marque
Maîtrise de nombreux outils de marketing en ligne Gestion de l'interface du processus de SEO
parcours scolaire
références
Certificat de Marketing Numérique
Résultat final: a reçu une note de 18/20 et a remporté la campagne de marketing la plus innovante. Fait partie du Top 5 de la classe »
Université de Condorcet Mai 2011 - août 2011
Clémence Saurin Manager de Compte, KVB Numérique Marketing Co. Cie. Mobile: 06 99 88 09 44
Licence en Communication et Marketing
Diplômé de la Faculté de Marketing Président du Bureau des Étudiants Rédacteur en chef de la Gazette de l'université
Université de Condorcet Septembre
2007 - mai 2011
Alain Dumont Manager de Compte, KVB Numérique Marketing Co. Cie. Mobile : 06 99 88 09 44"
CV_17;CONTACTEZ ADELINE Adeline est une amoureuse des réseaux sociaux. Adeline adore s'impliquer et interagir avec les gents, tout comme elle aime l'aspect analyse des réseaux sociaux. Canva COMPÉTENCES TECHNIQUES : - Logiciels de retouche photo et d'illustration numérique - Suivi de réseaux sociaux et logiciels de gestion - Outils de suivi et d'analyse - Traitement de texte ADELINE PANNIER EXPÉRIENCE PROFESSIONNELLE EXPERTE EN RÉSEAUX SOCIAUX GESTIONNAIRES DE RÉSEAUX SOCIAUX Média Domarin Février 2020 - Aujourd'hui - Organisation de toutes les publications des réseaux sociaux pour le service de rédaction - Approbation de la publication de tout contenu sur les réseaux sociaux - Engagement avec les lecteurs et les clients en ligne CONTACTEZ ADELINE STAGIAIRE EN RÉSEAUX SOCIAUX Magazine La Vie Juin 2019 - Décembre 2019 01 23 45 67 89 - 12, rue des peupliers, 75000 Paris bonjour@sitevraimentsuper.www.sitevraimentsu per.fr LinkedIn/Twitter : @sitevraimentsuper - Création de toutes les publications pour les comptes de réseaux sociaux du magazine - Synchronisation du blog du magazine aux pages des réseaux sociaux - Définition d'une ligne claire de la marque sur les réseaux sociaux FORMATION UNIVERSITAIRE RÉFÉRENCES : Marie Delmart, Éditrice chez Gala, 01 23 56 98 74 bonjour@sitevraimentsuper.fr Professeure Sabine Dufour, Université Saint-Paul 01 23 41 45 46 bonjour@sitevraimentsuper.fr UNIVERSITÉ DE CONDORCET École de la communication, Promo 2019 - Titulaire d'une licence en marketing avec une spécialisation dans les réseaux sociaux et en ligne - Assistante étudiante au bureau des admissions en charge des réseaux sociaux LYCÉE DE CONDORCET Félicitations du jury, Promo 2015 - Volontaire pour enseigner aux membres âgés de la communauté relativement à comment utiliser les réseaux sociaux - Organisation d'événements pour promouvoir une utilisation Internet - Sûre et responsable
CV_18;"Adeline Pannier Actrice de Théâtre et de Cinéma Profil Parcours Universitaire Je suis une actrice de théâtre et de cinéma qui a joué dans de nombreuses pièces, telles que ""La Mouette"" au Théâtre du Panthéon. Je suis également apparue dans plusieurs films indépendants. Université de Condorcet Master en Actorat 2015 - 2016 Langues Parlées • Diplômée de l'école de cinéma de Condorcet • A eu un entraînement au jeu d'acteur très intensif • Arrivée deuxième au concours de la meilleure thèse 1.Français Allemand Anglais Espagnol Compétences Carrière Professionnelle • Improvisation | Chant | Danse • Beatboxing Ball Ballet • Hiphop Danse Contemporaine • Danse Classique Gymnastique | Yoga Vélo Actrice de Théâtre et de Cinéma Agence d'Actorat Domarin 2016 - Présent • A étudié l'écriture de scénario et la répétition pour 3 rôles en un an • A collaboré avec des réalisateurs et des équipes d'acteurs • A joué dans des clips de musique Coordonnées © · 06 00 99 00 67 hello@reallygreatsite.com Assistante Gestionnaire de Scène Théâtre de la Colline 2015 - 2016 • @sitesuper • 3, rue de la Paix 75001 Paris • A étudié l'écriture de scénario et la répétition pour 3 rôles en un an • A collaboré avec des réalisateurs et des équipes d'acteurs • A joué dans des clips de musique www.sitesuper.fr"
CV_19;"INFOS DE CONTACT
Adresse : Téléphone : Site web :
23 rue de la Paix, 75002 Paris (01) 23 45 67 89 sitevraimentsuper.fr
RITA MARNIER
EMPLOIS
2022-2023 Designer graphique senior Supervision du développement et de l'implémentation du design et des contrats clients 2021 - 2022 Directrice de la conception graphique Supervision de tous les supports graphiques pour en garantir la qualité et l'exactitude 2020-2021 Spécialiste Conception Graphique Développement de programmes marketing de haute qualité : newsletters, brochures, publicités, annonces
ÉDUCATION
2016 - 2020 Créatrice de design visuel le plus prometteur Licence en Beaux-arts 2013 - 2016 Prix de l'artiste d'exception Guilde Créative, Collectif Pinceau et Team Abstract Experience
DESIGNER GRAPHISTE
COMPÉTENCES
aa
ana
Adobe Photoshop
Adobe InDesign
Typographie
Design
Principes de conception
INTÉRÊTS
Service communautaire
Langues étrangères
Nature
RÉCOMPENSES
2022 Prix du leadership Reconnaissance de l'exemplarité du leadership et la qualité constante de la production"
CV_20;"Patrick Fournier 9 rue Desaix, 75010 Paris
01 23 45 67 89 bonjour@canvasupersite.fr www.canvasupersite.fr @canvasupersite
À MON SUJET
EXPÉRIENCE PROFESSIONNELLE
Je suis un directeur commercial efficace et confiant ayant une expérience avérée en matière de logistique et dans le secteur de la chaîne d'approvisionnement. Mon expérience m'a aidé à développer une expertise du processus de vente et de la chaîne d'approvisionnement. Je suis très motivé pour continuer à apprendre et à améliorer mon savoir-faire.
Directeur des ventes Entreprise Expert en Logistique février 2019 à aujourd'hui Responsable de toutes les activités de vente dans la zone, allant de la prospection des clients à la signature du contrat. Étroite collaboration avec les équipes de vente et d'assistance pour favoriser la satisfaction des clients et générer des bénéfices.
Responsable du service externe Services de vente Sitôt acheté, Sitôt vendu novembre 2015 à février 2019 Gestion de comptes clés à Condorcet et coordination avec l'équipe des opérations pour fidéliser la clientèle
COMPÉTENCES ET SAVOIR-FAIRE
• Gestion de compte • Vente stratégique et sociale • Compétences en utilisation de logiciel CMR
Directeur de vente minimaliste Ligne de vêtements Dualité avril 2011 à octobre 2014 Service client rapide lors de l'ouverture de nouveaux comptes et maintien de la culture de l'entreprise
HOMOLOGATION ET BÉNÉVOLAT
FORMATION SCOLAIRE
Administrateur des bénévoles Banque alimentaire de Condorcet 2015 à 2021 Collaboration avec une équipe de 10 bénévoles pour collecter des fonds, rénover les locaux et organiser la distribution de plateaux-repas pour les personnes âgées.
École de commerce Excelia BS Licence en gestion d'entreprise, mention chaine d'approvisionnement 2015 Mention très bien
EM Strasbourg BTS Vente, Commerce et Marketing 2011 Mention très bien
BTS en MCV École de marketing de Condorcet 2021 Programme en ligne qui a traité de la façon de repérer les nouveaux clients et de développer une stratégie marketing de vente."
CV_21;AKIRA THOMAS ANALYSTE DE SÉCURITÉ RÉCAPITULATIF PROFESSIONNEL CARRIÈRE PROFESSIONNELLE Analyste de sécurité Je suis analyste en sécurité spécialisé en informatique et en analyse de logiciels malveillants. J'ai également de l'expérience dans le développement de système de bout en bout. Les réseaux Numérix | février 2017 - présent - Crée et conserve la documentation de gestion des risques - Gère l'accès aux applications de l'entreprise - Conception des contrôles de la sécurité et évaluation des risques des nouvelles technologies COMPÉTENCES PRINCIPALES Ingénieur logiciel Évaluation de la vulnérabilité Analyse des logiciels malveillants Planification du projet Système de surveillance de la performance Développement des contrôles de sécurité Gestion des catastrophes Technologies Digitarium | mars 2014 - janvier 2017 - Conçoit, développe et teste les solutions logiciel pour rationaliser les processus commerciaux - Réalise des tests de régression et écrit la documentation de logiciels CONTACTEZ-MOI : FORMATION UNIVERSITAIRE Fomation intensive de l'université Condorcet Adresse de l'entreprise : 12, rue Desaix, 75000 Paris, France E-mail : bonjour@sitevraimentsuper.fr Portfolio: www.sitevraimentsuper.fr LinkedIn: @sitevraimentsuper Diplôme d'études supérieures | janvier 2015 - déc 2016 DU Cyber-sécurité - A suivi une formation approfondie sur l'évaluation et la défense du réseau, les contrôles de la cybersécurité, le codage sécurisé et la criminalistique numérique DIPLÔMES Université de Condorcet Licence en sciences et technologies | juin 2008 - déc 2013 - Gestion de la sécurité de l'information - Hacker éthique - Technologie financière - Apprentissage automatique pour la stratégie commerciale - Cybersécurité BS de systèmes informatiques - Mention très bien - Prix du meilleur programme informatique - Lauréat de la bourse Gilles Kahn - Développeur du système d'exécution Numérix
CV_22;"Adeline Pannier
Actrice de Théâtre et de Cinéma
Profil
Parcours Universitaire
Je suis une actrice de théâtre et de cinéma qui a joué dans de nombreuses pièces, telles que ""La Mouette"" au Théâtre du Panthéon. Je suis également apparue dans plusieurs films indépendants.
Université de Condorcet Master en Actorat 2015 - 2016
Langues Parlées
• Diplômée de l'école de cinéma de Condorcet • A eu un entraînement au jeu d'acteur très intensif • Arrivée deuxième au concours de la meilleure thèse
1.Français Allemand Anglais Espagnol
Compétences
Carrière Professionnelle
• Improvisation | Chant | Danse • Beatboxing Ball Ballet • Hiphop Danse Contemporaine • Danse Classique Gymnastique | Yoga Vélo
Actrice de Théâtre et de Cinéma Agence d'Actorat Domarin 2016 - Présent
• A étudié l'écriture de scénario et la répétition pour 3 rôles en un an • A collaboré avec des réalisateurs et des équipes d'acteurs • A joué dans des clips de musique
Coordonnées
©
· 06 00 99 00 67
hello@reallygreatsite.com
Assistante Gestionnaire de Scène Théâtre de la Colline 2015 - 2016
• @sitesuper
• 3, rue de la Paix 75001 Paris
• A étudié l'écriture de scénario et la répétition pour 3 rôles en un an • A collaboré avec des réalisateurs et des équipes d'acteurs • A joué dans des clips de musique
www.sitesuper.fr"
CV_23;Carine Maurice Ingénieure logiciel avec 10 ans d'expérience en applications professionnelles. Soucieuse de rejoindre l'entreprise Tech et Cie, pour construire des solutions prêtes à l'emploi pour ses clients régionaux. Qualifiée en élaboration de plans d'action gestion de projets et guide d'utilisation. EXPÉRIENCE PROFESSIONNELLE 22, rue du Faubourg Saint Honoré 75008 Paris, 01 40 45 65 89 bonjour@canvasupersite.fr www.canvasupersite.fr @canvasupersite.fr Ingénieure logiciel expérimentée Agence de développement de logiciels Numérix d'août 2017 à aujourd'hui Supervise le développement des applications. Recherche et développement de nouvelles façons d'améliorer le processus de développement. Formation des ingénieurs logiciel débutants. Ingénieure logiciel débutante Agence de développement de logiciels Numérix de juin 2011 à juin 2017 Développement, installation et configuration des applications internes et de nouvelles applications dans les environnements de test et de production. COMPÉTENCES • Java, HTML, CSS, jQuery, PHP, serveur SQL • Travail d'équipe, polyvalence et attention particulière aux détails • Développement de logiciels et de sites Stage en génie logiciel chez Solutions Bertrand de septembre 2010 à mars 2011 Achèvement d'un stage de six mois pour l'obtention du Master. Développement d'un système d'informations pour les ressources humaines basé sur le cloud, consolidation des informations concernant les employés provenant de diverses bases de données et serveurs. LANGUES FORMATION SCOLAIRE • Français (langue maternelle) • Anglais américain (niveau B2) • Espagnol (niveau B1) Master en génie logiciel de l'université de Lille, Lille | 2014 Chercheuse diplômée à l'Agence de développement de logiciels Numérix Licence pro Métiers du génie logiciel, IUT Metz | 2011 Mention bien
CV_24;Alain Amari Professeur de Musique 8 01 12 13 14 15 www.sitevraimentsuper.fr 01 12 13 14 15 bonjour@sitevraimentsuper.fr RÉSUMÉ Je suis un professeur de musique qualifié et professionnel avec un haut niveau d'expérience et une vraie joie de partager ma passion pour tout ce qui est musical. CARRIÈRE • 2016 - PRÉSENT PROFESSEUR DE MUSIQUE École privée de Condorcet • Enseigne l'histoire et l'appréciation de la musique · Donne des cours sur une gamme d'instruments, englobant les cordes, les percussions et le clavier • 2014 - 2016 PROFESSEUR DE MUSIQUE PRIVÉ La Guilde des artistes en action • Dirige des cours trois après-midi par semaine Supervise les performances des élèves lors d'événements locaux • Dirige des ateliers au centre communautaire de la ville PARCOURS SCOLAIRE • 2016 UNIVERSITÉ DE CONDORCET Licence en Arts avec une spécialisation en Musique • Membre de la société de musique La Luciole 2013-2016 • Membre de la société internationale de musique 2013 2014 • 2013 ÉCOLE DES BEAUX-ARTS DE CONDORCET Activités au Lycée • Membre de la fanfare de l'Académie de Condorcet, 2013 • Membre du club de musique de Paris, 2011-2013 • A joué avec le groupe Tigers COMPÉTENCES Je joue de la guitare (basse, acoustique, électrique), de la batterie (classique et électrique), du clavier ou du piano. Je joue dans un groupe local appelé La Vie.
CV_25;12 rue de la Paix, 750000 Paris 01-23-45-78-90 bonjour@sitevraimentsuper.fr www.sitevraimentsuper.fr @sitevraimentsuper.fr ESTELLE MARNIER Diplômé potentiel d'un diplôme en arts multimédia à la recherche d'un poste de stage dans des studios de design locaux et des entreprises de marketing numérique. Personne très motivée et créative spécialisée dans la conception de la mise en page, la modélisation 3D et l'art de la typographie. FORMATION SCOLAIRE EXPÉRIENCE ET FORMATION PERTINENTES Licence en arts multimédia - Université de Condorcet: Diplôme de 2016 - 2022 (1er décembre 2025) Chef d'équipe de conception du comité de l'annuaire - Université de Condorcet Août 2024 à aujourd'hui Prépare la conception et la mise en page des pages de l'annuaire. Compile et édite les photos au besoin. Diplôme du lycée Condorcet (Juillet 2025) Tuteur académique à temps partiel - Université de Condorcet mars 2022 à aujourd'hui Aide les autres étudiants à réviser les cours et à faire leurs devoirs. COMPÉTENCES Stagiaire en graphisme – Musée d'art de Condorcet septembre 2024 à janvier 2025 Soutient le studio de conception graphique du musée en créant des collatéraux marketing, en concevant des expositions 3D et en préparant des présentations. • Suite créative d'Arivaci, y compris l'éditeur de photos d'Arivaci, • Illustrateur d'Arivaci et Designer d'Arivaci Aptitudes à la résolution de problèmes et volonté d'acquérir des compétences en communication interpersonnelle
CV_26;Sébastian Bernard 40 rue Descartes, 75002 Paris 01-23-45-67-89 bonjour@canvasupersite.fr www.canvasupersite.fr @canvasupersite.fr Psychologue très performant, impatient de faire partie d'une organisation innovante telle que Tech et Cie où je peux appliquer mon savoir-faire et mes compétences en ressources humaines dans un environnement de startup. Éducation Licence en psychologie Université Marie Curie, Brest Obtention prévue en juin 2025 Baccalauréat Lycée Jeanne d'Arc, Brest 2018 - 2021 Expérience pertinente Vice-président Amicale de psychologie, Université de Brest Juin 2023 à aujourd'hui Présente les conférenciers lors de des événements de l'université et garantit que tous les événements sont médiatisés. Aide le secrétaire à préparer et à soumettre des rapports sur les activités de l'amicale au siège social. Soutient les divers comités et dirigeants. Stagiaire au services des ressources humaines avril 2024 à octobre 2024 Aidé l'équipe des ressources humaines lors de divers projets et initiatives. Soutenu la gestion quotidienne des dossiers confidentiels des employés. Contribué à améliorer les processus d'embauche, d'intégration et de renvoi ou de licenciement. Assistant administratif bénévole Fondation Santiago avril 2022 à mai 2023 Aidé lors de diverses tâches administratives, telles que la photocopie, l'envoi et le classement de documents. Encodé les données des employés et des bénévoles dans le SIRH. Répondu aux appels téléphoniques et aux demandes par e-mail. Compétences • Travail avec les applications de productivité et les logiciels de collaboration • Rédaction universitaire, commerciale et de discours Interprétation de grandes quantités d'informations et conduite d'un projet de recherche
CV_27;CAMILLE ANDRÉ Candidate au doctorat en physique théorique COORDONNÉES DESCRIPTION 12, rue des peupliers, 75000 Paris 01 23 56 89 65 bonjour@sitevraimentsuper.fr Je suis une candidate au doctorat à l'Université Paris-Dauphine avec plusieurs expériences dans la recherche et en stage. J'ai coécrit un certain nombre d'articles de recherche qui ont été publiés dans diverses revues. Je souhaite inciter les jeunes étudiants à poursuivre plus souvent une carrière dans les mathématiques, la technologie, la science et l'ingénierie. ÉDUCATION EXPÉRIENCE EN ENSEIGNEMENT Licence en Sciences Physiques, Université Paris-Dauphine 2013 Mention Très bien, Major de promotion Université Paris-Dauphine Bases de la physique Assistant d'enseignement, 2015 - présent • Enseigne à une classe de 15 à 20 étudiants les bases de la physique pour les préparer aux cours de niveau supérieur. Classe d'introduction la mieux notée dans le département durant trois années consécutives. Supervise de nombreuses expériences hebdomadaires utilisant l'équipement de l'Université. EXPÉRIENCE DANS LA RECHERCHE Université Paris-Dauphine Centre de recherche pour la physique Assistant du Dr. Léa André, 2015 - présent • Planifie des expériences pour comprendre les lois appliquées à la matière condensée Recueille des articles de revues pour garder une trace des recherches effectuées dans le domaine de la physique théorique Fournit un soutien aux nouveaux assistants de recherche Département scientifique du Lycée Condorcet, Assistant d'enseignement 20132015 Préparer le matériel pour les leçons données au laboratoire. Aider les étudiants à faire des expériences. Servir d'enseignante suppléante au département des sciences, en l'absence d'autres enseignants
CV_28;EXPÉRIENCE PROFESSIONNELLE AUG INGÉNIEURE LOGICIELE PRINCIPALE Tech Condorcet Janvier 2019 - à présent - Analyser les besoins des utilisateurs et concevoir des solutions logicielles - Coder des programmes haute performance à l'aide de différents frameworks - Travailler avec d'autres équipes pour le débogage DÉVELOPPEUSE DE LOGICIEL SACHA DUBOIS Solutions de Condorcet Septembre 2018 - décembre 2019 DÉVELOPPEUSE DE LOGICIEL - Création de services back-end qui analysent les données pour fournir des informations commerciales - Création d'outils de processus de publication automatisés - Architecture système améliorée en continu PROFIL PERSONNEL PARCOURS UNIVERSITAIRE Je suis une développeuse de logiciels et une architecte de systèmes avec une expérience dans la conception, le codage et le test de systèmes complexes. Je maîtrise parfaitement C#, Java et Ruby. DOMAINES D'EXPERTISE UNIVERSITÉ DE CONDORCET Maîtrise en Sciences | Mai 2016 - mai 2020 Maîtrise en informatique A rédigé une thèse sur : Les diagnostics des maladies végétales générés par l'IA sur les plates-formes mobiles, qui a remporté le prix de la thèse la plus percutante Analyse du système Recherche utilisateur Optimisation de la conception orientée Apprentissage automatique Méthodologie agile Modélisation de bases de données Test et débogage de logiciels UNIVERSITÉ DE CONDORCET Licence en Sciences | Juin 2009 - juin 2012 Licence en informatique avec option Littérature - Spécialisation en systèmes d'entreprise Vice-présidente et violoniste principale, orchestre classique de Condorcet COORDONNÉES Adresse de l'Entreprise : 12, rue Desaix 75000 Paris, France E-mail : bonjour@sitevraimentsuper.fr Portfolio: www.sitevraimentsuper.fr Linkedin : @sitevraimentsuper RÉFÉRENCES PROFESSIONNELLES Romain Thilloy E-mail bonjour@sitevraimentsuper.fr Téléphone : 01 23 45 67 89 Céline Cessandra E-mail : bonjour@sitevraimentsuper.fr Téléphone : 01 23 45 87 87
CV_29;PROFIL Mannequin avec 5 ans d'expérience dans des projets industriels Mannequin à succès pour des marques telles que Dior et Puma Camic ÉDUCATION ÉCOLE DE MODE DE CONDORCET BTS en design de mode et merchandising - 2017 LYCÉE PIERRE MARNIER Présidente du club d'art et de conception - 2014 AMÉLIE BAROUX EXPÉRIENCE MANNEQUIN PROFESSIONNEL CAMPAGNE LA FLAMME Promotion de nouveaux designs - 2021 DÉFILÉ DE MODE DE CONDORCET Modèle de piste - 2019 COLLECTION AUTOMNE PUMA A défilé dans différentes tenues ou ensembles - 2018 COORDONNÉES COMPÉTENCES ET QUALITÉS 01 23 45 67 89 01 23 45 67 89 Sens du style Catwalk Attitude positive Tolérance sitevraimentsuper.fr bjr@sitesuper.fr @sitesuper.fr PRINCIPALES FONCTIONNALITÉS Âge : 20 place de la route de Condorcet, 75000 Paris Taille et poids : Taille : Yeux : Cheveux : 23 ans 1,84 m 90 / 60 / 90 Bleus, Blonds fraise
CV_30;Amory Bouvard MENUISIER SENIOR EXPÉRIENCE PROFESSIONNELLE MENUISIER SENIOR La Compagnie du Bois | Nov. 2014 - à aujourd'hui RÉSUMÉ 1. Gestion du positionnement du coffrage en bois, dépouillement, structure, et coulée en béton 2. Supervision et formation des autres charpentiers 3.Prise en charge des réparations structurelles OUVRIER MENUISIER Dubois et Fils | Août 2011 - sept 2014 Je suis un menuisier expérimenté avec une expérience significative dans la construction de structures basées sur des exigences de concepts et des besoins client. Je dirige également une équipe de charpentiers. 1. Réalisation de diverses tâches liées à la construction, telles que la menuiserie, la réparation et liste de petits travaux 2. Se conformer aux plans et croquis 3. Fabrication d'armoires et d'étagères COMPÉTENCES ET EXPERTISE ÉCOLES FRÉQUENTÉES Menuiserie et travail du bois Planchers et Clôtures Interprétation de plans Conception de meubles • Supervision d'équipe et de projet • Permis de conduire valide LA SOCIÉTÉ DU TROC Apprentissage | Juin 2008 - mai 2010 • Programme d'apprentissage en menuiserie Obtention de bases solides en menuiserie grâce à une formation en construction en bâtiment, plans de sites et matériels CONTACTEZ-MOI AU : UNIVERSITÉ DE RENNES Associé des Sciences Janvier 2005 - déc 2006 E-mail : bonjour@sitevraimentsuper.fr • Téléphone : 01 23 45 67 89 • Site web : www.sitevraimentsuper.fr • Adresse du bureau : 12, rue Blaise Pascal 75000 Paris • Diplôme d'associé en construction axé sur la gestion de la construction et de la menuiserie Membre et animateur de l'association de construction des étudiants de l'université de Rennes
CV_31;À mon sujet 0 Expérience de comédie Je suis une actrice qui a joué dans diverses pièces de théâtre et comédies musicales. Je fais également du maquillage, du design de scène, du design de production et du design de costume. Actrice de théâtre et chanteuse Groupe de théâtre de la Plaine / 2018-2019 J'ai joué dans les productions du groupe. J'ai eu l'occasion de voyager à travers le pays, de participer à plusieurs classes d'interprétation dramatique, et de m'entraîner grâce à un mentor. Informations de contact 6 V Actrice et Responsable de scène Groupe d'improvisation de Loupérac | 2017-2018 01 23 45 67 89 bjr@sitevraimentsuper.fr www.sitevraimentsuper.fr @sitevraimentsuper.fr @sitevraimentsuper.fr J'ai joué dans des comédies à travers le pays tout en affinant mes compétences en improvisation. J'ai également géré la logistique et le design de la scène. Réalisations • Diplômée du groupe d'improvisation de Loupérac • Prix de l'actrice de l'année de l'école de théâtre du Petit Pont • Master des arts du théâtre école des arts de I'If Canoa Julie Bernard Actrice de théâtre Formation professionnelle : Actrice de master certifiée École de théâtre du Petit Pont 2013-2017 J'ai suivi le long et rigoureux cours de théâtre de l'école, ce qui m'a permis de tester mes limites et d'affiner mon expertise et ma confiance en tant qu'actrice et chanteuse. Intérêts personnels En plus de jouer, j'écris également beaucoup de script durant mon temps libre. J'aime la nature, et je fais partie de nombreuses organisations de conservation et d'environnement. Licence en Arts, Interprétation Eramatayde l'If | 2009-2013 Autres compétences J'ai étudié l'interprétation dramatique pendant quatre années scolaires. Tout au long de cette période, je me suis représentée dans plusieurs productions scolaires et étais un membre du groupe de théâtre de l'école d'art de l'lf. Improvisation Danse En chantant