Sentences_CV_clean;True_Label;Label_Pred;Diff
 ;0;0;0
SOLUTIONS;0;0;0
PROFIL  ;0;0;0
DOTE  ;0;0;0
1lolaRel;0;0;0
- Membre du club de marketing du lycée  Lycée Marie Curie Major de promotion en 2008  ;0;0;0
Assistante de vente Jeux Gala 2017;0;0;0
Université de Condorcet  Doctorat en astrochimie;0;0;0
Espagnol;0;0;0
Universitaire  ;0;0;0
HISTORIQUE DE TRAVAIL;0;0;0
COORDONNÉES  ;0;0;0
Taille et poids :;0;0;0
Développeur Web;0;0;0
-;0;0;0
bonjour@sitevraimentsuper.fr;0;0;0
LOGICIEL EN CHEF;0;0;0
Mes centres d'intérêt et mon expérience sont en conception de mise en page.;0;0;0
- Cheffe de promotion 2012  ;0;0;0
Maîtrise en Science de l'Informatique  ;0;0;0
TOUR CCC principalement sur les grands espaces.;0;0;0
axée sur les résultats avec plus de 10 ans d'expérience grâce à des solutions marketing efficaces pour stimuler la croissance des ventes et renforcer l'équité de la marque auprès des clients.;0;0;0
Résolution de problèmes;0;0;0
Rédacteur pour le magazine mensuel du lycée - Photographe principal pour la revue  ;0;0;0
, rénover les locaux et organiser la distribution de plateaux-repas pour les personnes âgées.  ;0;0;0
- Conçoit, développe et teste les solutions logiciel pour rationaliser les processus commerciaux;0;0;0
Directeur de Magasin     EXPÉRIENCE PROFESSIONNELLE  ;0;0;0
Je suis passionnée et autonome pour terminer ce que j'ai commencé.  ;0;0;0
- Tutrice, Association des sciences sociales, 2012;0;0;0
A Men El bjr@sitevraimentsuper.fr  ;0;0;0
° Brainstorming;0;0;0
TOOLS;0;0;0
Profil  ;0;0;0
- Mise en place de tests simplifiées pour permettre aux élèves de trouver leur voir professionnelle  PARCOURS SCOLAIRE  Université d'Albret  Master en sciences du conseil éducatif et en Psychologie  ;0;0;0
©;0;0;0
| Danse Contemporaine  + Danse Classique|Gymnastique;0;0;0
Universitaire;0;0;0
| 2018- Aujourd'hui Chef de projet  RESPONSABLE ASSOCIATIVE;0;0;0
sur «;0;0;0
Ne IEI el RE;0;0;0
Gestion des comptes officiels pour l'entreprise sur les réseaux sociaux.;0;0;0
Clinique les Petites Bébêtes;0;0;0
Enregistrement de projets en ligne officiel avec SEO.;0;0;0
Travaille avec l'équipe de contenu de marque  GRAPHISTE JUNIOR  ;0;0;0
- Présidente du club de débat du lycée 2006 - 2008;0;0;0
NET;0;0;0
mai-16;0;0;0
   Menuisier;0;1;1
NUMÉRIQUES 2017;0;0;0
 ;0;0;0
+ Créé des concepts pour les principaux clients tels que la production de musique de Némo et plus encore.;0;0;0
tante RCE Ie ae MICRO TES  ET ET a er To où te ES INSTITUT DE CONDORCET;0;0;0
| Yoga;0;0;0
19 avenue Marie-Claire, 09000, Ariège     ;0;0;0
Travailler à la création d'accessoires pour les collections;0;0;0
ON AE Re;0;0;0
ÉTUDIANTE EN JOURNALISME        ;0;0;0
TRAVAUX RÉCENTS  ;0;0;0
+ Édition des photos éditoriales pour les clients et les magasines, ainsi que pour les publications sur les réseaux sociaux  + Organisation des fichiers  + 2028STUDIO D'IMPRESSION GRAPHIQUE;0;0;0
www.sitevraimentsuper.fr  Linkedin : @sitevraimentsuper     ;0;0;0
textile;0;0;0
- Suivi complet des cours de niveau 1, Il et Ill pour le diplôme en juin 2010 avec certificat de formation spécialisé en CVC  Lycée Professionnel;0;0;0
option Biologie  ;0;0;0
- Comptabilité des salaires et taxes  ;0;0;0
- Déontologie  - Grande attention aux détails  INFORMATIONS DE CONTACT  ;0;0;0
PROFESSIONNELLES  ;0;0;0
Création de supports publicitaires pour divers clients dans différents secteurs y compris la santé.;0;0;0
INGENAT  Inventaire et expertise faune et Flore  ;0;0;0
COMPÉTENCES;0;0;0
Font;0;0;0
INSTITUT SUPÉRIEUR DES ARTS;0;0;0
#1 JULIECALAIS@SITEVRAIMENTSUPER.FR  © PARIS, 3ÈME     ] FORMATION  UNIVERSITÉ PARIS 2006-2010  LICENCE ÉTUDES VISUELLES, MULTIMÉDIA ET ARTS NUMÉRIQUES  RÉCOMPENSES  e 2004 : BACCALAURÉAT, MENTION TRÈS BIEN  e 2006 : LICENCE MULTIMÉDIA  e 2010 : LAURÉATE DU PRIX DESIGN  ;0;0;0
bonjour@sitevraimentsuper.fr;0;0;0
illustration  EXPÉRIENCE  2023;0;0;0
PRIX ET RÉALISATIONS  ;0;0;0
As;0;0;0
Responsabilité de Pôle, service et équipe AXUIE a NT leE] management et gestion des équipes Eaux et Incendies  ;0;0;0
- Présent  + A étudié l'écriture de scénario et la répétition pour 3 rôles en un an  + A collaboré avec des réalisateurs et des équipes d'acteurs + A joué dans des clips de musique  Assistante Gestionnaire de Scène  Théâtre de la Colline  2015 - 2016  + A étudié l'écriture de scénario et la répétition pour 3 rôles en un an  + _A collaboré avec des réalisateurs et des équipes d'acteurs + A joué dans des clips de musique;0;0;0
- Thèse : «;0;0;0
2023 Designer graphique senior Supervision du développement et de l'implémentation du design et des contrats clients 2021;0;0;0
Conseillère d'éducation;0;0;0
Diplôme de Licence en comptabilité et finance, 2010;0;0;0
GUERLAIN;0;0;0
Comment Me Joindre  Fixe : 0112131415  Portable : 0112131415     ;0;0;0
MON EXPÉRIENCE PROFESSIONNELLE  Je maîtrise la gestion de magasin, j'atteins des objectifs planifiés, je comprends les besoins du marché, et je crée des stratégies pour stimuler le profit.  ;0;0;0
-;0;0;0
Artiste la plus prometteuse  ;0;0;0
CARRIÈRE PROFESSIONNELLE  Rapetou;0;0;0
Magasin;0;0;0
A étudié l'écriture de scénario et la répétition pour 3 rôles en un an •;0;0;0
Technologies;0;0;0
2012;0;0;0
Étroite collaboration avec les équipes de vente et d'assistance pour favoriser la satisfaction des clients et générer des bénéfices.;0;0;0
Spécialisation en enseignement pour le niveau primaire • Conception d'un programme accéléré de une année pour les étudiants en avance RÉFÉRENCES PERSONNELLES;0;0;0
Parcours académique  ;0;0;0
| octobre 2013;0;0;0
];0;0;0
-;0;0;0
- Présidente du bureau des étudiants en 2013  S É;0;0;0
LOGICIELE;0;0;0
Expériences professionnelles  ;0;0;0
Infos  272, rue danton 75000, Paris     Producteur +33.77.14.56.22 audiovisuel;0;0;0
 ;0;0;0
01 23 45 67 89 Numéro de téléphone : 01 23 45 56 89  QUALIFICATIONS  - Créations et exécution de plan de leçons  =;0;0;0
-;0;0;0
- Planification stratégique  ;0;0;0
EXPERT SANTÉ ET REMISE EN FORME  À PROPOS  ;0;0;0
| février 2016;0;0;0
Marketer & Créatif coordonnées bonjour@sitevraimentsuper.fr;0;0;0
-;0;0;0
Cela me pousse à vouloir rendre le monde meilleur  LE]  EXPÉRIENCE  Studio de conception Ariel + 2012-2013;0;0;0
Draw;0;0;0
J'enseigne également l'espagnol.;0;0;0
CARRIÈRE PROFESSIONNELLE  ;0;0;0
Le] NT Re T NEA n ITS TT  de travail et d'un excellent dossier en matière de service à la clientèle et de satisfaction.;0;0;0
    ;0;0;0
ACTIVITÉS  Quand je ne travaille pas, je suis bénévole à la SPA, appelé Les toutous de Cannes.;0;0;0
- Présent : Motive et améliore le service client et ses 25 employés pour les aider à réaliser leurs objectifs  Spécialiste en centre de données Sociéte de services Le lion d'or 75000 Paris, 2016;0;0;0
Récapitulatif professionnel  SÉRIE CUT Etat lE;0;0;0
- Comptage du contenu dans les tiroirs des caisses au début et à la fin de chaque quart de travail  Cabinet d'Avocats de Condorcet | 2017 à 2018  - Organisation des colis et des lettres en fonction du destinataire - Prise en charge de l'estampillage, du cachetage et de l'affranchissement de toutes les communications sortantes.  ;0;0;0
- Travail en service ambulatoire et hospitalier  Hôpital Saint-Martin de Condorcet;0;0;0
Tél : +33.78.43.87.00  13 avenue Picasso, 31000, Toulouse jonathancamidoemailz.com  Expériences professionnelles  BIOLOGISTE  Laboratoire;0;0;0
Font;0;0;0
Les logos dans la tradition  ;0;0;0
DIRECTEUR DE MAGASIN CHEZ BERNARD;0;0;0
-;0;0;0
E-mail :;0;0;0
COMPÉTENCES DE BASE  Développement de logiciels de base Documentation de projet  ;0;0;0
2014;0;0;0
Étant capable d'identifier le besoin de clients pour trouver CESSE Mare ETC;0;0;0
, Revue pédagogique 2018 « Quand l'anglais et l'espagnol se rencontrent », Espace multiculturel 2016;0;0;0
Master en génie logiciel de l'université de Lille, Lille;0;0;0
Professeure Sabine Dufour, Université Saint-Paul;0;0;0
| janvier 2015;0;0;0
Typographie;0;0;0
ÉDUCATEUR À TEMPS PLEIN  EXPÉRIENCE PROFESSIONNELLE  ;0;0;0
INFOS Développeur web et mobile  CONTACT  Tél :;0;0;0
- Artiste graphique de l'année 2019  ;0;0;0
EXPÉRIENCE PROFESSIONNELLE;0;0;0
illustration et création de publicités imprimées.;0;0;0
Don ENTER;0;0;0
Ie;0;0;0
PROFIL;0;0;0
•;0;0;0
-;0;0;0
Planification de reprise;0;0;0
Un graphiste crée des images qui seront ensuite publiées  PARCOURS SCOLAIRE  Université Blaise Pascal 2019;0;0;0
               ;0;0;0
Je m'appelle Warren, j'ai 35 22 rue des clochers,  ans, j'ai créé BeGood, un 75000, Paris  concept store éco-;0;0;0
Adobe;0;0;0
•;0;0;0
- A conceptualisé et exécuté avec succès des campagnes de marketing traditionnelles et numériques;0;0;0
Ingénieur d'équipe  Start;0;0;0
Vente;0;0;0
Paris Linkedin : @sitevraimentsuper.fr     RÉSUMÉ DE CARRIÈRE  ;0;0;0
 ;0;0;0
- Membre de la chorale du lycée  ;0;0;0
- de 2016 à 2020  ;0;0;0
- Meilleure rédactrice 2017  COORDONNÉES  ;0;0;0
Monceau  Lycée, classe 2009  ;0;0;0
Idéation Design;0;0;0
Journal des sciences astronomiques;0;0;0
ARTISTE;0;0;0
- Conception de plus de 50 projets pour des clients;0;0;0
Prix;0;0;0
À JUIN 2011,  CRÉATION DES DOSSIERS;0;0;0
- Capitaine de l'équipe de natation;0;0;0
• graphiste;0;0;0
- Meilleure actrice de théâtre 2020;0;0;0
DOMAINES D'EXPERTISE  ;0;0;0
Téléphone : 01 38 44 76 89  E-mail:;0;0;0
- Recherche démographique;0;0;0
• Membre de la société internationale de musique 2013 2014;0;0;0
ARTS DE CONDORCET;0;0;0
l'entreprise à obtenir d'excellents indices de satisfaction du service client;0;0;0
Leadership Communication Blogging  ;0;0;0
FRÉQUENTÉES Menuiserie et travail du bois;0;0;0
| août 2013;0;0;0
 ;0;0;0
SON ET ANIMATION BAC L, OPTION BTS;0;0;0
Cinéma et Audiovisuel;0;0;0
Responsable de la tenue et de la mise à jour des dossiers relatifs aux soins du patient;0;0;0
ER;0;0;0
DIPLÔMÉE  EXPÉRIENCE PROFESSIONNELLE  ;0;0;0
@canvasupersite.fr;0;0;0
Improvisation;0;0;0
QUALIFICATIONS EN DESIGN;0;0;0
2025STUDIO D'IMPRESSION;0;0;0
ETUI;0;0;0
Site internet :;0;0;0
Téléphone : O1 23 45 67 89 Portable : 06 23 56 89 40 bonjour@sitevraimentsuper.fr www.sitevraimentsuper.fr 12 rue Desaix, 75003 Paris  EXPÉRIENCE PROFESSIONNELLE  Dramaturge  ;0;0;0
| Photographe en chef  ;0;0;0
WEB;0;0;0
Licence en gestion d'entreprise, mention chaine d'approvisionnement 2015;0;0;0
bonjour @sitevraimentsuper.fr;0;0;0
- Recherche des préférences des consommateurs et des tendances marketing - Planification et mise en oeuvre des Stratégies marketing;0;0;0
- présent • Je suis une enseignante d'école primaire qui se spécialise dans les mathématiques J'applique la méthode des intelligences multiples dans mes classes, et mon objectif est de rendre les mathématiques amusantes.;0;0;0
Tr;0;0;0
- Soucieuse du détail  -;0;0;0
Conception de meubles;0;0;0
2023STUDIO D'IMPRESSION;0;0;0
Machine à presse;0;0;0
- présent •;0;0;0
    ;0;0;0
Brest rc@sitevraimentsuper.fr sitevraimentsuper.fr  EXPÉRIENCE  Productions de panneaux numériques, 2015;0;0;0
Le Quotidien | Août 2018;0;0;0
- Aide la marque à obtenir une forte présence sur les réseaux sociaux en traitant les questions quotidiennes - Aide à développer des concepts au potentiel viral  FORMATION PROFESSIONNELLE  Université de Lyon Licence en Communication d'entreprise  ;0;0;0
2.Se conformer aux plans et croquis 3.Fabrication d'armoires et d'étagères  to 1411 LR AE;0;0;0
La Luciole + 2012;0;0;0
-;0;0;0
2015;0;0;0
- UNIX Scripting 2/5  - WordPress 5/5  - Search Engine Optimization 4/5  COORDONNÉES  12 rue de la Paix, 33000 Bordeaux bonjour@sitevraimentsuper.fr www.supersite.fr  Mobile :;0;0;0
- Président du club de photographie;0;0;0
    ;0;0;0
- Etudiante de septembre 2013 à juin 2017;0;0;0
-;0;0;0
CCE;0;0;0
- Aide à la planification des rendez-vous pour les patients et les maîtres d'animaux;0;0;0
- 2016 Prix de l'artiste d'exception Guilde Créative, Collectif Pinceau et Team;0;0;0
-;0;0;0
BRIGITTE SERILLON  ;0;0;0
- Mention très bien  2.Tutrice en écriture, centre;0;0;0
Allemand;0;0;0
- Aide les étudiants à comprendre les concepts en fonction des leçons vues en classe;0;0;0
Je CUT TOC CERN Eure N ture LEE EC UC LE  = CONTACT  Tél :;0;0;0
Vice-président Amicale de psychologie, Université de Brest Juin 2023 à aujourd'hui Présente les conférenciers lors de des événements de l'université et garantit que tous les événements sont médiatisés.;0;0;0
Portfolio :;0;0;0
-89;0;0;0
 ;0;0;0
, pharmacie;0;0;0
pour l'obtention du Master;0;0;0
0;0;0;0
- Publicités;0;0;0
GRAPHISTE;0;0;0
Akira Thomas;0;0;0
- Membre, Le Club de danse  École primaire Ronsard;0;0;0
• Organisation des dossiers.;0;0;0
end;0;0;0
-;0;0;0
Ingénieur;0;0;0
| mai 2013;0;0;0
mn@sitevraimentsuper.fr;0;0;0
Je suis un directeur commercial efficace et confiant ayant une expérience avérée en matière de logistique et dans le secteur de la chaîne d'approvisionnement.;0;0;0
- Membre de l'équipe de débat  ;0;0;0
- Analyser les besoins des utilisateurs et concevoir des solutions logicielles - Coder des programmes haute performance à l'aide de différents frameworks - Travailler avec d'autres équipes pour le débogage DÉVELOPPEUSE DE LOGICIEL;0;0;0
- Assistance à la préparation d'événements scolaires variés, théâtres, etc.;0;0;0
| 2011;0;0;0
NSNSINNS NN SNS SINNNNINIEN;0;0;0
|;0;0;0
-up Néo mundis;0;0;0
45 66 77 89 Téléphone Professionnel : 01 45 66 77 88   Ananya Singh     Professeure de Lycée  ;0;0;0
Suivi de réseaux sociaux et logiciels de gestion;0;0;0
-up Néo mundis I;0;0;0
Compétences linguistiques;0;0;0
Développement d'un système d'informations pour les ressources humaines basé sur Le cloud, consolidation des informations concernant Les employés provenant de diverses bases de données et serveurs.;0;0;0
Designs pour publicités  ALES  ;0;0;0
Organisation des dossiers.;0;0;0
| de juin 2011 à juillet 2017  Développement, installation et configuration des applications internes et de nouvelles applications dans les environnements de test et de production.;0;0;0
+ Édition des photos éditoriales pour les clients et les magasins, ainsi que pour les publications sur les réseaux sociaux  + Organisation des fichiers  + 2025STUDIO D'IMPRESSION;0;0;0
Enseignement de mathématiques 3.;0;0;0
- mai 2020  Maîtrise en informatique  À rédigé une thèse sur : Les diagnostics des maladies végétales générés par l'IA sur les plates-formes mobiles, qui a remporté le prix de la thèse la plus percutante  UNIVERSITÉ DE CONDORCET  Licence en Sciences | Juin 2009;0;0;0
2014;0;0;0
Fixe :;0;0;0
Bénévole au service communication  de la Fondation des enfants du Mistral  juin 2022 à septembre 2022  Création de modèles pour les réalisations clés avec les parties prenantes externes.;0;0;0
- Obtention d'un diplôme avec un double axe gestion stratégique et opérations et logistique  - Études de cas sur la construction et le développement immobilier  Université Descartes BTS en génie civil;0;0;0
COMPÉTENCES  ;0;0;0
LYCÉE LOUIS CARAFETE;0;0;0
Web;0;0;0
LC;0;0;0
La Luciole Août 2017;0;0;0
- Animation d'ateliers de conception pour les étudiants  INSTITUT DES BEAUX-ARTS DE CONDORCET  ;0;0;0
- 2021 DÉFILÉ DE MODE DE CONDORCET;0;0;0
Ranarex;0;0;0
UNIVERSITAIRE  ;0;0;0
- Arrangement floral pour de nombreux événements;0;0;0
mn@sitevraimentsuper.fr;0;0;0
Vegas Pro 15, Cubase et Fruity Loops;0;0;0
- 2023 Designer graphique senior En charge des budgets de production, de la supervision du développement et de l'implémentation du design et des contrats clients 2021;0;0;0
Effects 15%  Illustrator  35%  COMPÉTENCES  ;0;0;0
Linkedin : @sitevraimentsuper 12, rue de la Paix, 75110 Paris  MARIANNE NAUDIN  ;0;0;0
HERCULE;0;0;0
Accueil, conseil, livraison, gestion des stocks, édition factures et devis.;0;0;0
• 2013 ÉCOLE DES BEAUX;0;0;0
MAQUILLEUSE  ;0;0;0
12, rue de la Paix 75000 Paris bonjour@sitevraimentsuper.fr;0;0;0
Vice-président Amicale de psychologie, Université de Brest Juin 2023 à aujourd'hui Présente les conférenciers lors de des événements de l'université et garantit que tous les événements sont médiatisés.;0;0;0
Fidélisation des clients.;0;0;0
VÊTEMENTS Patrice Lesœur SARL mars 2012;0;0;0
Modélisation de bases de données Test et débogage de logiciels UNIVERSITÉ DE CONDORCET;0;0;0
AQUATIQUES ET GESTION DE L'EAU  ;0;0;0
- Présent  + A étudié l'écriture de scénario et la répétition pour 3 rôles en un an  + A collaboré avec des réalisateurs et des équipes d'acteurs + A joué dans des clips de musique  Assistante Gestionnaire de Scène  Théâtre de la Colline  2015 - 2016  + A étudié l'écriture de scénario et la répétition pour 3 rôles en un an  + _A collaboré avec des réalisateurs et des équipes d'acteurs + A joué dans des clips de musique;0;0;0
UNIVERSITAIRE  Université de Condorcet Licence Arts du spectacle;0;0;0
J'ai étudié l'interprétation dramatique pendant quatre années scolaires.;0;0;0
DIINN ES  Rédaction de Blogs d'entreprise Gestion de projet;0;0;0
PRINCIPALES FORCES  ;0;0;0
-2020;0;0;0
2022 Prix du leadership Reconnaissance de l'exemplarité du leadership et la qualité constante de la production;0;0;0
• @sitesuper;0;0;0
- Présidente du cercle d'art d'UC  ;0;0;0
COMPTABLE AUXILIAIRE BALMOT;0;0;0
-;0;0;0
Un graphiste est un professionnel de 2019 - 2023 + Université de Dijon l'industrie du graphisme et des arts Licence en Communication graphiques qui assemble des images, de la 2023 - 2024 + Université de Dijon  typographie ou des images animées pour  créer un élément de design.;0;0;0
CONTACTEZ-NOUS  Adresse :8, rue de la République, 75002 Paris, France;0;0;0
- Présidente, Le Cercle des écrivains;0;0;0
LeJava  e;0;0;0
Maintien d'un haut niveau de discipline des étudiants et  résolution des conflits en classe.;0;0;0
- Membre active du club de bénévolat du lycée  Institut d'art de Condorcet;0;0;0
°__;0;0;0
J'excelle dans l'optimisation des processus.;0;0;0
J'aimerais beaucoup étudier différentes langues.;0;0;0
- de 2016 à 2020;0;0;0
- Fournit des informations pertinentes pour améliorer la procédure interne  FORMATION PROFESSIONNELLE  Université Beaudoin LICENCE;0;0;0
LICENCE INFORMATION ET COMMUNICATION;0;0;0
Aide les autres étudiants à réviser les cours et à faire leurs devoirs.;0;0;0
| d'août 2017 à aujourd'hui  Supervise le développement des applications.;0;0;0
 ;0;0;0
EAN;0;0;0
Association des vétérinaires      GESTION DE SSIERS, ET DÉVELOP  CABINET N     ;0;0;0
- MARS 2018  + Facilite l'embauche des nouveaux employés  + Travaille étroitement avec le service de la paie et gère le programme des aides sociales  + Organise et anime des formations du personnel  ;0;0;0
Chef de projet éolien  CONTACT  102 av. de la Liberté, 33000,  Bordeaux  Tel : +33.79.78.20.61 Chef de projet Energie durable loic.barrau@mailto.com  COMPÉTENCES  CRE SE;0;0;0
-;0;0;0
.;0;0;0
-;0;0;0
Approbation des propositions de recherche et des budgets du projet  Astrophysicienne  AGENCE SPATIALE ASEX;0;0;0
HISTORIQUE PERSONNEL  ;0;0;0
Séances individuelles pour les sujets spécifiques 3.;0;0;0
Gestion des projets citadins, mise en place des équipes et des process de développement locaux.;0;0;0
-67;0;0;0
Autres compétences;0;0;0
- Conception des présentations de l'entreprise  ;0;0;0
Assurance Personnelle  ;0;0;0
    ;0;0;0
Licence en Arts Multimédia  ;0;0;0
QE RP;0;1;1
-2017;0;0;0
° _blogging & video;0;0;0
Je joue de la guitare basse, acoustique, électrique, de la batterie classique et  électrique, du clavier ou du piano.;0;0;0
Références;0;0;0
 ;0;0;0
photographie et publication assistée par ordinateur  Adrienne Tournier  ;0;0;0
Chef de projet;0;0;0
Desaix 75000 Paris  ;0;0;0
Taille : 1m 70 Poids : 55 kg Type de corps : Grande et athlétique Couleur des cheveux : Blonde Longueur des cheveux : Courts Couleur des yeux : Bruns;0;0;0
Diffusion des contenus intéressants sur les comptes sociaux.;0;0;0
Pigiste pour la Petite revue hebdomadaire     ;0;0;0
 ;0;0;0
OBJECTIF SCIENTIFIQUE  ;0;0;0
ASSISTANT MARKETING  COMPÉTENCES CLTERIT;0;1;1
 ;0;0;0
| Avril 2020;0;0;0
| 2018;0;0;0
75002;0;0;0
Théories du trou noir et de la relativité  °_Amas stellaire 172B : un nouveau système stellaire découvert dans le secteur 9Z  e;0;0;0
- Membre de la chorale du lycée;0;0;0
TN;0;0;0
Création de programmes utilisant la thérapie par le jeu pour les enfants OBJECTIF DE CARRIÈRE Obtenir un poste à plein temps en tant que travailleur social dans une agence multiculturelle au service de minorités et de familles ou individus réfugiés.;0;0;0
Le pêché révélé {Productions Ajaccio, 2015  J'ai écrit la totalité du scénario et j'ai dirigé plus de 30 acteurs et actrices dans la pièce primée.;0;0;0
- Création d'outils de processus de publication automatisés  ;0;0;0
Je suis intéressée par des rôles qui mettent en évidence la complexité féminine.;0;0;0
+ Modifie des photos pour des clients, des magazines et des réseaux sociaux.;0;0;0
-;0;0;0
01 23 56 89 65;0;0;0
Master en communication marketing intégrée Université de Rouen  ;0;0;0
Éducation;0;0;0
Je crée des concepts visuels, à la main ou à l'aide d'un logiciel informatique, pour communiquer des idées qui inspirent, informent ou captivent les consommateurs.;0;0;0
Photoshop;0;0;0
| juin 2018  ;0;0;0
BTPro;0;0;0
Dramaturge Productions de théâtre Polichinelle 2010 - 2015  ;0;0;0
- Anglais : Compétences professionnelles;0;0;0
- Aujourd'hui  ;0;0;0
7 NU;0;0;0
Images;0;0;0
- Bénéficiaire de la bourse de Condorcet  Lycée Descartes  Major de Promotion 2012  ;0;0;0
Danse;0;0;0
Vente stratégique et sociale •;0;0;0
Adobe Photoshop RS;0;0;0
Master en Actorat;0;0;0
STUDIOS;0;0;0
GRAPHISTE SENIOR  + Travail en étroite collaboration avec l'équipe marketing pour produire des concepts pour les clients.;0;0;0
2018 à 2020  ;0;0;0
- Diplômé avec mention  ;0;0;0
DESIGNER GRAPHIQUE;0;0;0
- Présent + Directrice adjointe, Département d'études sociales, 2014;0;0;0
J'adore créer des campagnes marketing efficaces pour les produits auxquels je crois.;0;0;0
Je suis un étudiant passionné par le football et je compte bien faire carrière dans ce secteur.;0;0;0
-;0;0;0
+ Planification et coordination des initiatives de RP, des événements commerciaux, et plus encore.  FORMATION  Université de Nantes  DU en gestion des entreprises , classe de 2009  + Secrétaire du club de marketing de l'Université de Nantes + _ Membre et collaboratrice au journal Le Pont de Nantes + Membre du Club des écrivains  Lycée de Saint-Denis  ;0;0;0
Abstract;0;0;0
- décembre 2017  Master en administration des affaires;0;0;0
UNIVERSITÉ CONDORCET  AB en journalisme;0;0;0
2011;0;0;0
-FAIRE  + Compétences en communication et relations interpersonnelles  ;0;0;0
- Musique classique     Lycéenne  ;0;0;0
ÉDUCATION $ 202;0;0;0
- 2016  - Licence en anthropologie avec une sous-spécialité en sociologie;0;0;0
EXPÉRIENCE PERSONNELLE  ;0;0;0
Second de promotion  ;0;0;0
 ;0;0;0
| de 2014 à 2015  ;0;0;0
PROMO 2015  ;0;0;0
Artiste en chef, la gazette de Condorcet  ;0;0;0
A étudié l'écriture de scénario et la répétition pour 3 rôles en un an •;0;0;0
- Rédiger et corriger des articles pour le journal communautaire  - Fournir une direction éditoriale pour les articles et les colonnes;0;0;0
- Trésorier du conseil des étudiants, 2010  ;0;0;0
SOCIAUX  ;0;0;0
DE PREMIERS SECOURS ET RCP  DE L'INSTITUT DE SANTÉ DE TOULON  ;0;0;0
- Gestion de la classe  = Supervision et conseils pour les activités extra-scolaires  ;0;0;0
Je suis une ingénieur en informatique avec plus de vingt ans d'expérience dans le secteur de la technologie, qui peut fournir une expertise précieuse pour les entreprises qui démarrent.  ;0;0;0
-Dauphine  Diplômée de L'École de Tourisme de Condorcet;0;0;0
- Gestion des réseaux sociaux  ;0;0;0
Spécialiste;0;0;0
Analytics «+ Stratégie réseaux sociaux + Marketing  + Contenu;0;0;0
Supervise de nombreuses expériences hebdomadaires utilisant l'équipement de l'Université.;0;0;0
Courriel : bonjouresupersite.fr  ;0;0;0
- Réalisation d'une série d'ateliers axés sur des genres différents;0;0;0
T E N;0;0;0
ET NT];0;0;0
SCAN;0;0;0
La marque Sainte-Clémence, 2015-2016  + Gestion de l'inventaire hebdomadaire + Gestion des espèces + Conception et mise en œuvre des stratégies pour minimiser les coûts du magasin et augmenter le profit  FORMATION  Université de Saint-Denis  Maîtrise en gestion de produit et de marque, 2016  ;0;0;0
EU  ;0;0;0
Diplôme du lycée Condorcet Juillet 2025 Tuteur académique à temps partiel;0;0;0
- présent  °;0;0;0
- Soins néonatals;0;0;0
, 75002 Paris  MES;0;0;0
, 75000 Paris;0;0;0
N'oubliez pas de montrer également un véritable enthousiasme pour le travail.;0;0;0
| FÉVRIER 2013;0;0;0
-;0;0;0
- Bénéficiaire de la bourse de la fondation MAKE  ;0;0;0
-2017  Formation  Ecole d'Ingénieurs, Arts et Métiers Diplôme d'Ingénieur 2014  Spécialisation bois et acier  Lycée Bellevue 2011-2014;0;0;0
RICHARD CALAIS  BREST, BRETAGNE  FORMATION  ;0;0;0
- Architecture système améliorée en continu  PARCOURS;0;0;0
Je fais également du maquillage, du design de scène, du design de production et du design de costume.;0;0;0
- présent  - Aide avec tous les aspects des soins aux patients : le diagnostic, les traitements et les consultations médicales;0;0;0
@canvasupersite  EXPÉRIENCE PROFESSIONNELLE     ;0;0;0
EMMA GIRAUD  ;0;1;1
M = 2.Supervision et formation des autres charpentiers  3.Prise en charge des réparations structurelles  CRETE;0;0;0
LCR Eu Re LOC HER;0;0;0
Licence en Sciences | Juin 2009;0;0;0
Profil  ;0;0;0
Photographe Senior;0;0;0
Elan a Te A M ARTE Desaix, 75110 Paris     ;0;0;0
Diplôme national de l'enseignement supérieur  ;0;0;0
.000e  OCT;0;0;0
- Présidente du club de débat du lycée 2006 - 2008;0;0;0
Illustration;0;0;0
+ Créé des concepts pour les principaux clients tels que la production de musique de Némo et plus encore.;0;0;0
techniques et FORMATION réglementaires;0;0;0
0 PERCIG RÉEL, MOOOO MANIERE;0;0;0
Vidéographie Mise en page ...;0;0;0
sécurité environnement Sodexy |!;0;0;0
CUS;0;0;0
- Vice-Présidente du conseil des délégués de la vie lycéenne;0;0;0
Travailleur indépendant  * Travaille bien avec des échéances  .;0;0;0
 ;0;0;0
Lycée de Condorcet  Centre d'apprentissage spécialisé] juin 2004;0;0;0
• Modifier des photos pour des clients, des magazines et des réseaux sociaux.;0;0;0
- Prix d'études de première année  ;0;0;0
Coordonnées;0;0;0
Video;0;0;0
ASSISTANTE D'ÉDITION;0;0;0
Servir d'enseignante suppléante au département des sciences, en l'absence d'autres enseignants;0;0;0
REMARQUABLE Communications de Condorcet;0;0;0
- Bonne compréhension de la terminologie et des principes des  données financières;0;0;0
Machine à presse;0;0;0
PROFIL PERSONNEL  Je suis une éducatrice expérimentée et dévouée qui se concentre sur le soutien du développement holistique des étudiants pour leur permettre d'atteindre leur potentiel.;0;0;0
| Diplômée en juin 2016;0;0;0
Je maîtrise parfaitement C #, Java et Ruby.;0;0;0
- Surveille la convalescence des animaux après une opération chirurgicale;0;0;0
ACTRICE PROFESSIONNELLE     ;0;0;0
CPU | FÉVRIER 2015;0;0;0
Développeur mobile START;0;0;0
Alva Michelle Houet, bonjour@sitevraimentsuper.fr, Directrice du marketing, Solutions Créatives;0;0;0
INFOS;0;0;0
Récipiendaire du Prix de l'Excellence - Distinction honorifique du doyen - Gagnant du Prix du Meilleur étudiant en marketing 2019;0;0;0
- J'ai également été mannequin  JACQUELINE THOMAS  ;0;0;0
- Résolution des conflits;0;0;0
- Expérience dans les activités quotidiennes liées à la construction;0;0;0
e Portugais     ;0;0;0
- Diplôme obtenu avec mention Très bien  ;0;0;0
Connaissances approfondies de l'enseignement = Connaissances informatiques générales et bonne utilisation de MS Office  —;0;0;0
- Membre du club d'anglais;0;0;0
A défilé dans différentes tenues ou ensembles;0;0;0
Graphiques mobiles  ;0;0;0
Numérique;0;0;0
| 2011;0;0;0
les sciences, la finance et l'éducation Reconnu pour mes idées novatrices et créatives  Collaboration avec l'équipe de gestion de projet pour répondre aux questions et besoins des clients     PRIX ET RÉCOMPENSES  Compétition internationale de design, 2011 1ère place, Paris  Conception visuelle et artistique 2010;0;0;0
Li;0;1;1
LOGICIEL Daniel et Joe Technologies;0;0;0
Référent pour le marketing digital.;0;0;0
RÉALISATIONS;0;0;0
Utilisateur de recherche et formation  COORDONNÉES DE CONTACT  Adresse de l'entreprise : 12, rue des boulons, Aubervilliers 93330, France  E-mail :;0;0;0
Responsable de la mise en page de la page Facebook du lycée;0;0;0
Espagnol;0;0;0
• Anglais américain niveau B2;0;0;0
Marquage/Branding;0;0;0
DESIGNER ET FABRICATION;0;0;0
- Prévisions budgétaires;0;0;0
bonjour@sitevraimentsuper.fr;0;0;0
S U;0;0;0
PROFIL  O1 23 45 67 89  12 rue de la Paix, 29200;0;0;0
| JUILLET 2008;0;0;0
 ;0;0;0
Assistante de recherche Département d'enquête sociale et politique  ;0;0;0
MCE;0;0;0
Samira Hadid  16 place Urbain II,;0;1;1
Ingénieur Tel.;0;0;0
ÉES  22, rue des Peupliers 03200 Vichy;0;0;0
Oui, vous devez conserver un air professionnel tout au long de la lettre.  Cependant, un ton excessivement formel peut décourager ceux qui la lisent.;0;0;0
- Aujourd'hui  - Gère personnellement les problèmes des clients de niveau 3;0;0;0
* Rédaction * Relations clients  + Graphisme :;0;0;0
otre 11 ENS;0;0;0
Licence pro Métiers du génie logiciel, IUT Metz;0;0;0
PROFIL UNIVERSITAIRE  Université Descartes  BTS;0;0;0
Je suis un gestionnaire de comptes avec des     compétences personnelles solides, très        et motivé à aider les entreprises à acquérir et  à maintenir leurs clients sur du long terme.  ;0;0;0
Téléphone : 01 28 65 76 22 E-mail :;0;0;0
Chef de vente, Groupe Carnier Martine Fetyg - 01 23 45 67 89 Directrice, Fetyg sarl  EXPERIENCE PROFESSIONNELLE :  ;0;0;0
Adepte du travail multitâche, capable de mener à bien  R  1];0;0;0
-23;0;0;0
Consultant en gestion  Mario Poulet | Janvier 2020;0;0;0
-;0;0;0
Studios;0;0;0
- Aide pendant les autres activités et événements théâtrales sur demande  FORMATION PROFESSIONNELLE  Université de Condorcet LICENCE EN MARKETING EN 2016  + Meilleur projet du lycée, catégorie des divertissements + Membre du club de marketing de l'université de Condorcet 2013;0;0;0
COTE TETE  Spécialisations  + Analyse de système DETTES;0;0;0
Aptitudes à la résolution de problèmes et volonté d'acquérir des compétences en communication interpersonnelle     ;0;0;0
Flash  ;0;0;0
EI TITRE  TC ON CUT A CU;0;0;0
Planifie des expériences pour comprendre les lois appliquées à la matière condensée Recueille des articles de revues pour garder;0;0;0
Marketing;0;0;0
Majeure Recherche et Application  ;0;0;0
Je joue dans un groupe local appelé La Vie.;0;0;0
Compétences en communication;0;0;0
Musique;0;0;0
end;0;0;0
-méninges d'idées innovantes pour le site Web officiel de l'entreprise;0;0;0
   PROFIL PERSONNEL  ;0;0;0
MÉDIAS INTERACTIFS;0;0;0
CONTACT Tel.;0;0;0
- juin 2015  ;0;0;0
- César de la meilleure actrice, 2015  ;0;0;0
PROFIL PERSONNEL  Je suis une représentante du service client expérimentée avec des résultats prouvés de résolution rapide de problèmes complexes et de fidélisation des clients.;0;0;0
- Excellentes compétences dans le domaine de la communication;0;0;0
Université de Condorcet;0;0;0
75000 Paris;0;0;0
- Diplôme avec mention  ;0;0;0
-;0;0;0
Actrice de Théâtre et de Cinéma  Agence d'Actorat;0;0;0
CONTACTEZ-MOI :  Adresse de l'entreprise : 12, rue Desaix, 75000 Paris, France  E-mail :;0;0;0
OCTO AS soins aux animaux Miaou  ;0;0;0
 ;0;0;0
La Guilde des artistes en action;0;0;0
- DÉCEMBRE 2014  + Gestion des comptes de réseaux sociaux et création de réseaux sociaux  [L +33 1 23 45 67 89 pour des publications quotidiennes + Augmentation du nombre d'abonnées et des mentions j'aime de 200 %  © BONJOUR@SITEVRAIMENTSUPER.FR  CORTE;0;0;0
Tel : +33.95.98.19.03  ;0;0;0
- Animation d'ateliers de conception pour les lycéens  FORMATION PROFESSIONNELLE  Université de Condorcet  Licence en Arts;0;0;0
Photographe pour le journal du lycée  QUALIFICATIONS  ;0;0;0
ACTRICE DE THÉÂTRE  ;0;0;0
- Diplômée avec les félicitations du jury;0;0;0
Bonnes;0;0;0
- à présent  - Analyser les besoins des utilisateurs et concevoir des solutions logicielles;0;0;0
- Conceptualisation et rédaction publicitaire  COORDONNÉES :  ;0;0;0
Compétences en rédaction;0;0;0
-;0;0;0
www.sitevraimentsuper.fr     ;0;0;0
Vente, Commerce et Marketing 2011  ;0;0;0
1 Site web : sitevraimentsuper.fr PROD;0;0;0
Apprentissage automatique;0;0;0
RC RO VE;0;0;0
Ecole de Design;0;0;0
A rédigé une thèse sur :;0;0;0
| MAURICE;0;0;0
- Présidente de l'équipe de majorettes de la ville 2008;0;0;0
Je suis analyste en sécurité spécialisé en informatique et en analyse de logiciels malveillants.;0;0;0
EXPÉRIENCE PROFESSIONNELLE  PRODUCTEUR DE RÉSEAUX;0;0;0
 ;0;0;0
DCE;0;0;0
.;0;0;0
-;0;0;0
- Jeu de théâtre et improvisation;0;0;0
-;0;0;0
Assistante Manager Le Shantou,;0;0;0
J'ai également de l'expérience en maquillage pour effets spéciaux    ;0;0;0
172B : découverte d'un système d'étoiles  ARTICLES DE RECHERCHE  e;0;0;0
 ;0;0;0
Vidéographie;0;0;0
LA LUCIOLE  Responsable marketing expérimentée D E;0;0;0
, Débat sur la société avec la gazette de Condorcet;0;0;0
    ;0;0;0
SOCIAUX GESTIONNAIRES;0;0;0
-2015  Direction et gestion de quatre responsables créatifs et d'une liste d'agences de conception, afin de créer et d'organiser des projets et des expériences enrichissantes et gratifiantes;0;0;0
ELITE;0;0;0
Université nationale de Condorcet  Faculté des sciences de la communication;0;0;0
UNIVERSITÉ DE CONDORCET;0;0;0
Configuration et surveillance de divers tests de laboratoire  .;0;0;0
Un graphiste est un professionnel de 2019 - 2023 + Université de Dijon l'industrie du graphisme et des arts Licence en Communication graphiques qui assemble des images, de la 2023 - 2024 + Université de Dijon  typographie ou des images animées pour  créer un élément de design.;0;0;0
Aide à l'organisation d'événements hors ligne et en ligne.;0;0;0
Je peux produire de la musique grâce à l'un des logiciels suivants :;0;0;0
20056;0;0;0
Entreprise Expert en Logistique février 2019 à aujourd'hui;0;0;0
* RÉFLEXION SUR LES STRATÉGIES;0;0;0
Gestion des recherches et des recommandations d'actions en justice;0;0;0
.;0;0;0
- Excellence universitaire en anglais, histoire et mathématiques;0;0;0
FORMATION  Lorraine;0;0;0
- Déléguée pour la vie lycéenne 2005  FORMATION PROFESSIONNELLE  ;0;0;0
- Collaboration étroite avec l'équipe de contenu de marque;0;0;0
    ;0;0;0
Actrice de Théâtre et de Cinéma  ;0;0;0
- Dessin animé  DUT DETTES;0;0;0
COMPÉTENCES ET SAVOIR;0;0;0
Analyste de sécurité;0;0;0
Documentaires;0;0;0
Studio Adora  Graphiste principale  + Chargée de créer des images pour des mises en page hors ligne.;0;0;0
-;0;0;0
L'EBI Diplôme biologie industrielle;0;0;0
Studio de création design  ;0;0;0
avr. 2012 à jan 2013  ;0;0;0
EU;0;0;0
- Maintien d'une moyenne de 17/20  ;0;0;0
Mention bien;0;0;0
Diplômée avec mention;0;0;0
janv;0;0;0
DOMAINES D'EXPERTISE  ;0;0;0
je fais du bénévolat, de l'escalade et des marathons;0;0;0
Téléphone : or 32 23 44 12;0;0;0
6;0;0;0
OE;0;0;0
DIRECTRICE DE CONSTRUCTION  ;0;0;0
Soutien au personnel principal e.;0;0;0
    ;0;0;0
- 2021 Expérience pertinente;0;0;0
 ;0;0;0
Production  8%        Illustrator .0e;0;0;0
CONDORCET;0;0;0
- Présidente du syndicat des étudiants;0;0;0
- 200 heures  + _ Réalisation réussie de projets clients pour une valeur de 440 000 €  + Proposition de mise en page et de design  +.;0;0;0
UNIVERSITAIRE  UNIVERSITÉ DE LYON Bachelier en Communications, Juin 2015  ;0;0;0
-;0;0;0
Reconnu pour une participation parfaite    ;0;0;0
01 12 13 14 15;0;0;0
FORMATION SCOLAIRE  ;0;0;0
| août 2011;0;0;0
Le Java  Le Python  Le C++  Le C;0;0;0
on en entrepreneuriat, et comptabilité en matiè     ec les honneurs, avec une moyenne générale de 15,5     Vainqueur du défi des jeunes entrepreneurs de Melun  Lycée de Melun  Diplômé avec les honneurs | avril 2008  Diplôme de l'université de Melun avec une moyenne de 15,5 Président du Club des jeunes entrepreneurs  Membre du Club de débat  Rédacteur pour le journal de l'université de Melun  RÉFÉRENCES;0;0;0
www.sitevraimentsuper.fr;0;0;0
- présent      ;0;0;0
PROFIL EXPÉRIENCES PROFESSIONNELLES  Sensibilisé à la cause écologique, je me suis dirigié vers des activités  d'ingénierie durable à la fin de mes études.;0;0;0
LA SOCIÉTÉ DU TROC  Lee re;0;0;0
| Introduction  ;0;0;0
•;0;0;0
- Rédaction d'une thèse et d'une critique sur les systèmes sociaux des communautés minoritaires de Condorcet  Université de Saint-Denis Diplômée avec mention Très bien | 2012;0;0;0
Biologiste en laboratoire pour la recherche durable.;0;0;0
2025;0;0;0
Machine à presse Directrice artistique;0;0;0
FORMATION PROFESSIONNELLE :  UNIVERSITÉ;0;0;0
Création de postes pour les réseaux sociaux suivant un calendrier de contenu;0;0;0
-;0;0;0
Master en génie;0;0;0
- 2015  - Prodiguer des soins en administrant des médicaments, en gérant les perfusions intraveineuses, en surveillant l'état du patient, et en conservant des dossiers et des dialogues avec les médecins  FORMATION PROFESSIONNELLE  Diplôme d'État d'Infimier | mai 2012;0;0;0
- Aide à l'organisation de la 18e marche alimentaire de la communauté de Condorcet  ;0;0;0
- Gagnante du concours de dessin, 2005-2006;0;0;0
ÉDUCATEUR SPÉCIALISÉ     ;0;0;0
- Membre, club de marketing;0;0;0
- Travailler avec des étudiants de différents milieux  ;0;0;0
CRÉATIF  EXPÉRIENCE PROFESSIONNELLE :  CONSULTANT CRÉATIF  Compagnie Alva | 2015-2020  ;0;0;0
, Revue pédagogique 2018 « Quand l'anglais et l'espagnol se rencontrent », Espace multiculturel 2016;0;0;0
"Fondateur  Start Up ""Medina""  Développement de l'application mobile Medina.co";0;0;0
un entraînement au jeu d'acteur très intensif * Arrivée deuxième au concours de la meilleure thèse  Carrière Professionnelle  ;0;0;0
12 rue Desaix, 75110 Paris  ;0;0;0
Réalisations  + _ Diplômée du groupe d'improvisation de Loupérac + _ Prix de l'actrice de l'année de l'école de théâtre du Petit Pont + _ Master des arts du théâtre école des arts de l'If  Julie Bernard  ;0;0;0
Compagnie;0;0;0
CNE LCI;0;0;0
Secrétaire, Union des étudiants;0;0;0
- Présidente du club de illustrateurs, 2013-2014     ;0;0;0
MÉDECIN AGENCE RÉGIONALE DE SANTÉ;0;0;0
Université de Condorcet  ;0;0;0
-;0;0;0
| Février 2010;0;0;0
06 99 88 09 44;0;0;0
Machine à presse;0;0;0
• Beatboxing;0;0;0
-67;0;0;0
RÉFÉRENCES  Bernard Maurin, Télécommunications hexagonales O1 33 44 55 66 bonjouresitevraimentsuper.fr Renée Poitiers;0;0;0
Capacité à travailler sous pression  Ï  [  Ve  NL A  ;0;0;0
et publicité;0;0;0
06 79 77 99 00 Adresse: 12, rue Pascal 75000 Paris  ;0;0;0
bonjour@sitevraimentsuper.fr;0;0;0
FORMATION;0;0;0
Cours de soutien après l'école pour les élèves en échec.;0;0;0
PARCOURS SCOLAIRE 2019 - 2023 •;0;0;0
- Mention 'Bien'  - Vice-Présidente du Conseil des étudiants;0;0;0
Ler Prix des jeunes créateurs de France:  Conception d'un encadrement de miroir à base de chutes de tissus.  CONTACT  12 avenue Saint-Boulet, 75000, Paris Tel : +33.90.09.09.89     EXPÉRIENCES PROFESSIONNELLES  ;0;0;0
spécialisation vins de Bordeaux     Tel : +33.87.09.11.09 vente et dégustation     ;0;0;0
- Langages : Python, SQL;0;0;0
- Conception de communication de base  CONTACTEZ-MOI :  Téléphone :;0;0;0
Licence en Communication et Marketing  jplômé ô i Université de Diplômé de la Faculté de Marketing Condorcet Septembre Président du Bureau des Étudiants 2007;0;0;0
Notation, rapports et évaluation  ;0;0;0
ÉCOLE PRIMAIRE;0;0;0
- 2020  - À joué plusieurs rôles pour la maison de production BFP;0;0;0
Site web :;0;0;0
Lycée Henri IV  Bac Scientifique     Æ COMPÉTENCES;0;0;0
Orienté vers des objectifs à long terme.  ;0;0;0
PROFIL PERSONNEL  Je suis une développeuse de logiciels et une architecte de systèmes avec une expérience dans la conception, le codage et le test de systèmes complexes.;0;0;0
apps;0;0;0
Diplôme en communication, spécialité création littéraire major de promotion  Boursière universitaire;0;0;0
COMPÉTENCES  ;0;0;0
NAT;0;0;0
dans le domaine des énergies  renouvelables éolienne, photovoltaïque, hydrolienne  FORMATION  ENI Metz  école nationale d'ingénieurs de Metz Mastère, option Energétique industrielle  ;0;0;0
45;0;0;0
PROFIL PERSONNEL ME C TE O ET O;0;0;0
Designer graphique expérimentée  Studio de conception de Condorcet + 2012-2013  Concepteur graphique  ;0;0;0
       ;0;0;0
Professeur de mathématiques en école primaire Académie du tutorat;0;0;0
Connaissances professionnelles;0;0;0
La Luciole 2013-2016 + Membre de la société internationale de musique;0;0;0
SENIOR;0;0;0
-;0;0;0
CONTACTEZ-MOI  ;0;0;0
- Apprentissage des principes de la recherche par mot-clé et de l'analyse des backlinks à des fins de référencement  FORMATION PROFESSIONNELLE  Université de Condorcet  Bachelier en Administration des affaires, option Marketing  ;0;0;0
I 2015;0;0;0
- Formation et développement des employés  ;0;0;0
L'EBI Diplôme biologie industrielle;0;0;0
-;0;0;0
SENIOR;0;0;0
Master en ingénierie | mai 2019  + _ Mention bien, major de promotion + _ Double cursus avec des classes de gestion des entreprises et d'encadrement  IUT DE CONDORCET BS;0;0;0
Don ENTER;0;0;0
Développeur;0;0;0
A joué dans des clips de musique;0;0;0
Multimédia, mention très bien CHAMPIONNE DU DESIGN 2014  ere dde;0;0;0
IL at e CA: ol EEE 12 rue du brie 77600 Bry-sur-Marne;0;0;0
- Augmentation de 50 % du trafic sur les réseaux sociaux  Stagiaire en marketing de réseaux sociaux Ligne de vêtements Textiles et Cie | janvier 2012;0;0;0
12 rue de la Paix, 75110 Paris  RÉUSSITES PROFESSIONNELLES  ;0;0;0
12 rue Desaix;0;0;0
Gestion des recherches et des recommandations d'actions en justice;0;0;0
Courte;0;0;0
#NOM?;0;0;0
    ;0;0;0
- Étudie l'environnement cognitif et socio-émotionnellcréé en classe;0;0;0
Licence en histoire de l'art, 2016  ;0;0;0
°_ maîtrise et connaissance des matériaux éco-responsables ° connaissance des processus de recyclage °_ Modélisation et Conceptualisation des espaces 3D  Spécialisation bois et acier  Lycée Bellevue 2011-2014  Optention du Baccalauréat S, option mathématiques;0;0;0
-;0;0;0
2016;0;0;0
juil-16;0;0;0
Déc.;0;0;0
Ce CC EC  ;0;0;0
Stagiaire au services des ressources humaines avril 2024 à octobre 2024;0;0;0
PROFIL  À la recherche d'un emploi dans le secteur sécurité et environnement  INFOS  44 route des fraisiers, 64000, Biarritz  Tel: +33.99.21.13.01 o.dupouy@begood.com  COMPÉTENCES  ;0;0;0
- Lauréat de la bourse Gilles Kahn  ;0;0;0
- Comptabilité de paie et calculs fiscaux;0;0;0
- présent  - Rationalisation du flux de travail éditorial afin de maximiser l'efficacité;0;0;0
Microsoft;0;0;0
 ;0;0;0
- 2017  - Félicitations du jury, 2006-2007;0;0;0
- Fév.;0;0;0
-2013;0;0;0
fb.me/sitevraimentsuper.fr @sitevraimentsuper.fr @sitevraimentsuper.fr  1 Jules André C] LC];0;0;0
Aider l'équipe sur les différents aspects des projets + Gestion d'équipe lorsque le chef d'équipe est indisponible  FORMATION SCOLAIRE     ;0;0;0
2025 Baccalauréat Lycée Jeanne d'Arc, Brest 2018;0;0;0
Enseignement de revues de groupe pour les classes des élèves de l'école primaire 2.;0;0;0
IUT;0;0;0
Forte de mon expérience, de mes compétences et de ma formation, je suis la candidate idéale pour cette filière.  COORDONNÉES  & 01;0;0;0
Assistant laborantin RICO;0;0;0
- Gestion de la sécurité de l'information  ;0;0;0
Tolérance sitevraimentsuper.fr bjr@sitesuper.fr @sitesuper.fr PRINCIPALES FONCTIONNALITÉS;0;0;0
|;0;0;0
La SUR RE      N,  HISTORIQUE DE CARRIÈRE  Directrice de construction;0;0;0
GRAPHIQUE GRAPHISTE JUNIOR;0;0;0
- 2016 PROFESSEUR DE MUSIQUE PRIVÉ;0;0;0
Informations de contact  01 23 45 67 89 bjr@sitevraimentsuper.fr www.sitevraimentsuper.fr @sitevraimentsuper.fr  ;0;0;0
- Architecture système améliorée en continu  PARCOURS;0;0;0
Logistique globale et éco-responsabilité;0;0;0
- juil 2016;0;0;0
Directeur de la création  Publicité de Condorcet;0;0;0
- À présenté un argument de vente qui a sécurisé un compte d'un  million d'euros  PARCOURS;0;0;0
Création de rapports pour le gérant  FORMATION ANTÉRIEURE  IUT DAUPHINE  ;0;0;0
PRIX/RÉFÉRENCES;0;0;0
ETES 14e tat;0;0;0
- JUILLET 2015 + Gestion du département de physique des astroparticules.  + Supervision des doctorants  + _ Rédaction de propositions de subvention et revue de la recherche de pairs.;0;0;0
- janvier 2013  ;0;0;0
PROFIL PERSONNEL  Je suis une gestionnaire de médias sociaux dynamique et enthousiaste, qui aime surveiller | ë S ECTS sociaux et créer des campagnes numériques efficaces.;0;0;0
Bénévolat Soupe populaire de la Guilde des jeunes développeurs / Vélo pour tous 2017 Raisonnement logique et résolution de problèmes;0;0;0
Linkedin : @sitevraimentsuper;0;0;0
Architecture;0;0;0
AVOCATE EN DROIT DE L'ENVIRONNEMENT  EXPÉRIENCES PROFESSIONNELLES  ;0;0;0
Mention bien;0;0;0
- Coordination avec les auteurs et renforcement du respect des délais;0;0;0
- Coordination avec les auteurs et renforcement du respect des délais;0;0;0
Animal domestique;0;0;0
Optimisation de la conception orientée;0;0;0
.  + Conception de systèmes de fichiers électroniques et maintenance de fichiers électroniques et papier.;0;0;0
J'adore être sur scène !  RÉALISATIONS ET PRIX  ;0;0;0
management d'équipe 0;0;0;0
Téléphone Fixe : O1;0;0;0
 Major de promotion  ;0;0;0
| SALLE DE FITNESS;0;0;0
Téléphone : O1 23 45 67 89  Mobile : 06 23 45 56 89  E-mail :;0;0;0
DD;0;1;1
- Collabore à l'une des principales campagnes virales diffusée le jour de la Saint-Valentin  - Aide les comptes de l'entreprise à passer en statut vérifié  - Maintien d'un taux de réponse de 100% en un mois  POUR ME CONTACTER  ;0;0;0
| Étudiante ECO ERIC UT  ;0;0;0
Compéten;0;0;0
89;0;0;0
2017;0;0;0
- Artiste de l'année 2019;0;0;0
 ;0;0;0
LC  ACC  Ut  ;0;0;0
12 rue Desaix, 75110 Paris;0;0;0
Sensibilité au branding de la marque  <_ Maîtrise de nombreux outils de marketing en ligne  ;0;0;0
Résultat final : a reçu une note de 18/20 et a remporté la Université de campagne de marketing la plus innovante.;0;0;0
- Conception de logos, polices de caractères, et autres média de branding pour les clients  ;0;0;0
- 2024 + Université de Dijon créer un élément de design;0;0;0
Éducation;0;0;0
- Réalise des tests de régression et écrit la documentation de logiciels CONTACTEZ-MOI : FORMATION;0;0;0
Architecte spécialisée en matériaux écologiques  ;0;0;0
Les vêtements de Gabi - Janvier 2016 à août 2019  ;0;0;0
Je cherche un poste d'enseignante.;0;0;0
Université Paris- Dauphine;0;0;0
- GRAPHISTE  e TOILE DE MÉDIA 2010-2011;0;0;0
Débogage de logiciels;0;0;0
Soutien aux étudiants en maîtrise en biologie + Collaboration avec d'autres tuteurs en  sciences pour créer un programme d'études;0;0;0
RÉALISATIONS ET PRIX  ;0;0;0
Site web : sitevraimentsuper.fr 12 rue Desaix, 75110 Paris;0;0;0
2011;0;0;0
Carrière Professionnelle;0;0;0
EDITÉ  e        K     < A la recherche d'un poste de gestionnaire Eco-responsabilité  > ONE Vi  Tél : +33.69.54.83.93;0;0;0
Rascol CAP  ;0;0;0
- Valorisation de marques et d'entreprises;0;0;0
- Vendre des contrats d'assurance;0;0;0
 ;0;0;0
 ;0;0;0
   ;0;0;0
World;0;0;0
J'adore créer des campagnes marketing efficaces pour Les produits auxquels je crois.  coordonnées  bonjour@sitevraimentsuper.fr Linkedin: @sitevraimentsuper.fr  compétences & expertise  + __;0;0;0
TT EL ETAT  OR LTOTUT;0;0;0
EC;0;0;0
- 2013 • Tutrice, Association des sciences sociales, 2012;0;0;0
Highland d'excellence 2016;0;0;0
             GRAPHISTE  D'EILPIAINE SAURIIN        À PROPOS DE MOI  ;0;0;0
- Moyenne de 16/20  ;0;0;0
- L'histoire du marketing et de la publicité     EXPÉRIENCE PROFESSIONNELLE  GRAPHISTE SENIOR  Édition Magniolas  Novembre 2020;0;0;0
STUDIO;0;0;0
Téléphone : 01 23 45 67 89 Portable : 06 12 34 56 78  E-mail :;0;0;0
juillet 2014 à novembre 2016  Planification et mise en œuvre de stratégies de marketing numérique qui ont augmenté le trafic organique du site de 150 %.;0;0;0
Méthodologie agile  ;0;0;0
Encodé les données des employés et des bénévoles dans le SIRH.;0;0;0
École de Commerce Léonard De Vinci  ;0;0;0
10T2  Récompenses    ;0;0;0
| Yoga;0;0;0
| Classe de 2020 •;0;0;0
- Recrutement et formation du personnel  - Réalisation d'inspections et d'installations sur les sites     2017 à aujourd'hui  Spécialiste CVC  ;0;0;0
- 2021  Développement de programmes marketing de haute qualité : newsletters, diaporamas, brochures, publicités, panneaux d'affichage     PARCOURS;0;0;0
PROFIL PERSONNEL  Je suis une actrice de théâtre professionnelle avec une vaste expérience dans 1 ductions en direct.;0;0;0
Ariel;0;0;0
Académia;0;0;0
Développement d'un système d'informations pour les ressources humaines basé sur le cloud, consolidation des informations concernant les employés provenant de diverses bases de données et serveurs.;0;0;0
- Aide à la gestion des travaux de développement général  TANIA:;0;0;0
- Artiste de l'année  ;0;0;0
Participation bénévole à la gestion des comptes sur les réseaux sociaux et réalisation  Conduite de ses efforts de marketing numérique.;0;0;0
Chef d'équipe du site Web du lycée;0;0;0
Designer d'Intérieur Le monde d'Archi 1 2016-;0;0;0
EXPÉRIENCE PROFESSIONNELLE  MENUISIER SENIOR  ;0;0;0
- A assisté le réalisateur dans les répétitions  PARCOURS;0;0;0
- Longs métrages;0;0;0
Parcours académique  ;0;0;0
- Élaboration d'une stratégie de réseaux sociaux afin d'augmenter le nombre de visites uniques sur le site de la société;0;0;0
-;0;0;0
Bac +5  Master biodiversité, écologie et évolution  ;0;0;0
- Gestion de la présence en ligne de la société;0;0;0
Récapitulatif professionnel  SÉRIE CUT Etat lE;0;0;0
- Recherche et analyse des concurrents et tendances du marché  FORMATION  Université Paris;0;0;0
• A joué avec le groupe Tigers COMPÉTENCES;0;0;0
www.sitevraimentsuper.fr  Q 01 12 13 1415;0;0;0
SOCIAUX Médias BAULES et Cie;0;0;0
PROFIL;0;0;0
Ingénieur;0;0;0
Pro;0;0;0
le personnel à organiser des entraînements en classe et des activités de groupe Administrer des évaluations de la condition physique et des tests sur tapis roulant pour conseiller des objectifs de forme physique  COMPÉTENCES  + CONSEILS NUTRITIONNELS + PLANIFICATION NUTRITIONNELLE + PROGRAMMES DE FITNESS + ÉVALUATION INDIVIDUELLE  PARCOURS SCOLAIRE  UNIVERSITÉ DE MULHOUSE, 2017  LICENCE EN ARTS AVEC UNE SPÉCIALISATION EN ÉDUCATION  ‘à     »     al &              à  SC?;0;0;0
PROFESSEUR D'ANGLAIS  ;0;0;0
- Université de Condorcet: Diplôme de 2016;0;0;0
- Formation de de 2012 à 2016  ;0;0;0
Mobile:;0;0;0
Édition de textes;0;0;0
- Mention très bien;0;0;0
Je suis un développeur Web autodidacte avec une compréhension solide de la Conception Web ainsi que de techniques visant l'amélioration de l'expérience des utilisateurs.;0;0;0
Introduction et méthodes de la recherche sociale aux étudiants de première année;0;0;0
Licence en informatique avec option;0;0;0
Bases de la physique;0;0;0
 ;0;0;0
- Création d'images et de graphiques pour des campagnes publicitaires  ;0;0;0
- Cinéma indépendant  ;0;0;0
MECS CEE EXPÉRIENCES dans l'énergie éolienne PROFESSIONNELLES  ;0;0;0
- juin 2013  - Diplômée avec les honneurs - Thèse-maîtrise : problèmes en intervention;0;0;0
Profil personnel  ;0;0;0
Satisfait en moyenne 300 demandes d'informations par semaine;0;0;0
Mes œuvres ont été reconnues par l'association des théâtres français et ont été jouées sur des scènes internationales.;0;0;0
Services de vente Sitôt acheté, Sitôt vendu novembre 2015 à février 2019;0;0;0
satisfaction client en gérant les affaires quotidiennes  ;0;0;0
 ;0;0;0
- Représentante étudiante pour Le comité des activités étudiantes, qui assure La liaison auprès de l'administration  RÉFÉRENCES PROFESSIONNELLES  Quentin Lelann;0;0;0
SOCIÉTÉ DE COMMUNICATION NOUVEAUX;0;0;0
UNIVERSITAIRE  ;0;0;0
- Point de contact direct avec les clients  Assistant Marketing  Réseaux Dupont et Cie.;0;0;0
Gestion des différents services du groupe de recherche spatiale  .;0;0;0
 ;0;0;0
www.sitevraimentsuper.fr;0;0;0
CONDORCET + MAI 2016;0;0;0
12 rue Desaix, 75110 Paris  ;0;0;0
EDITÉ  e        K     < A la recherche d'un poste de gestionnaire Eco-responsabilité  > ONE Vi  Tél : +33.69.54.83.93;0;0;0
bonjour@sitevraimentsuper.fr;0;0;0
 ;0;0;0
CINÉMA;0;0;0
ROSENTHAL  FONDATEUR DE BEGOOD  INFOS;0;0;0
Carrière Professionnelle;0;0;0
MCE;0;0;0
Développement d'un système d'informations pour les ressources humaines basé sur le cloud, consolidation des informations concernant les employés provenant de diverses bases de données et serveurs.;0;0;0
- décembre 2019  - Création de services back-end qui analysent les données pour fournir des informations commerciales  ;0;0;0
Regarder des films Jouer de la musique;0;0;0
COORDONNÉES  ;0;0;0
Aptitudes;0;0;0
- Développement des entreprises;0;0;0
• Hiphop Danse Contemporaine;0;0;0
Fixe :;0;0;0
Solutions de Condorcet;0;0;0
EXPÉRIENCE DE TRAVAIL  LYCÉE DE CONDORCET  ENSEIGNANT REMPLAÇANT 2011-2012  Professeur remplaçant d'anglais et d'histoire.;0;0;0
Fleurs de Condorcet;0;0;0
Création de toutes les publications pour les comptes de réseaux sociaux du magazine;0;0;0
- 18 h 00  ;0;0;0
- Diplôme en physique chimique  ;0;0;0
- Membre de l'équipe de natation pendant 3 ans  Lycée Marie Curie BACCALAURÉAT 2012  ;0;0;0
 ;0;0;0
- Moyenne : 18  ;0;0;0
DSC;0;0;0
Faits importants  22 rue du Faubourg Saint Honoré,;0;0;0
2015-PRÉSENT Graphiste  STUDIO MÉDIA ET CIE + 2014  Graphiste et gestionnaire des réseaux sociaux;0;0;0
Lycée Saint-Louis Bac S, option mathématiques  Sciences et technologies du management et de la gestion  COMPÉTENCES;0;0;0
@canvasupersite.fr;0;0;0
Conception graphique;0;0;0
Édition des photos éditoriales pour les clients et les magasines, ainsi que pour les publications sur les réseaux sociaux Organisation des fichiers • Conception graphique;0;0;0
- Prix de dirigeant, 15e séminaire annuel de Condorcet 2015  ;0;0;0
Lycée François Mittérand  Baccalauréat 2005, mention très bien  ;0;0;0
Mention Très bien  Expérience professionnelle  ;0;0;0
 ;0;0;0
Dramaturge Productions de théâtre Polichinelle 2010 - 2015  ;0;0;0
Un graphiste est un professionnel de ee l'industrie du 2018 graphisme et des arts graphiques qui  assemble des images,  Expérimentez  Graphiste aux Studios de conception de Condorcet  + Chargé de créer des graphiques pour les mises en page en ligne et hors ligne.;0;0;0
-;0;0;0
Université Blaise Pascal  2023-2024;0;0;0
Qualifiée en élaboration de plans d'action gestion de projets et guide d'utilisation.;0;0;0
- Membre, troupe de danse et de théâtre  ;0;0;0
- décembre 2019  - Création de services back-end qui analysent les données pour fournir des informations commerciales  ;0;0;0
L;0;0;0
- mars 2021  ;0;0;0
- Calculer les rapports et les a comparés avec les normes du secteur  ;0;0;0
Designer graphique expérimentée  Croquis en Folie | Juillet 2019;0;0;0
Téléphone : O1 23 45 67 89 E-  mail :bonjour@sitevraimentsuper.fr;0;0;0
- J'ai co-écrit et dirigée 15 longues pièces sous la direction d'un des plus grands dramaturges de la région;0;0;0
COMPÉTENCES ET EXPERTISE  ;0;0;0
Diplômé en mai 2016  ;0;0;0
2019;0;0;0
-;0;0;0
Certificat de formation de graphisme et illustration  EXPÉRIENCE  + 2023 STUDIO D'IMPRESSION;0;0;0
1.Licence de littérature anglaise, mineure en communication;0;0;0
EXPERTE EN RÉSEAUX;0;0;0
Graphiste Publicité;0;0;0
01 23 45 67 89  Mobile :;0;0;0
Logiciel testé et affiné avant le déploiement  *_ Mise à disposition de correctifs de produit ad hoc  Compétences Professionnelles  ;0;0;0
AVID;0;0;0
- Août 2018  ;0;0;0
+ Connaissances en hydraulique et dans les processus d'épuration des eaux;0;0;0
Notation, rapports et évaluation  ;0;0;0
-;0;0;0
Directeur des ventes;0;0;0
Je suis une rédactrice expérimentée qui se spécialise dans la publication périodique.;0;0;0
TOUR CCC principalement sur les grands espaces.;0;0;0
Université de Condorcet Professeure de lycée MASTER EN ÉDUCATION, 2014;0;0;0
Compétences en communication interpersonnelle;0;0;0
option Biologie  ;0;0;0
01 22 54 76 88 bonjour@sitevraimentsuper.fr www.sitevraimentsuper.fr  ;0;0;0
décoratrice Clairance mobiliers Habillage et finitions de mobiliers d'époque  Tapissière;0;0;0
lucie_rodriguezcemailo.com S DTOTD ECC CUS  ;0;0;0
- Plaidoyer artistique de l'année 2017  ;0;0;0
 ;0;0;0
J'ai également géré la logistique et le design de la scène.;0;0;0
.  COORDONNEES :  Téléphone : 01 23 45 67 89 E-mail : bonjour@sitevraimentsuper.fr;0;0;0
en 2012;0;0;0
Agence de développement de logiciels Numérix;0;0;0
Webdesigner junior;0;0;0
| À créé d'un environnement de classe favorable, stimulant  et encourageant pour tous les élèves  ÉDUCATION  UNIVERSITÉ DE CONDORCET  ;0;0;0
Langages de codage :  C#, ASP.NET JavaScript, HTML/CSS, Python  Cadres / Systèmes :  MVC, AngularJS, bootstrap, Visual Studio, Team Foundation Server     Julie Marnier Développeuse de logiciel Domarin :;0;0;0
Maîtrise de gestion;0;0;0
Dauphine;0;0;0
Promo 2020;0;0;0
bonjour@sitevraimentsuper.fr  Site internet : www.sitevraimentsuper.fr     ;0;0;0
TT;0;0;0
 ;0;0;0
A “;0;0;0
T vague mai 2014  SECONDE PLACE DU DESIGN 2016;0;0;0
Étudiante Bénévole  Hôtel du Nord.;0;0;0
CET A CCE OUT;0;0;0
|;0;0;0
 ;0;0;0
• Travail d'équipe, polyvalence et attention particulière aux détails • Développement de logiciels et de sites Stage en génie logiciel chez Solutions Bertrand de septembre 2010 à mars 2011 Achèvement d'un stage de six mois pour l'obtention du Master.;0;0;0
- de 2016 à 2020  ;0;0;0
Centre scolaire de Condorcet Jan 2019;0;0;0
Avocate en droit de l'environnement  Dave & co  Avocate spécialisée en droit de l'éhique environnementale  ;0;0;0
La main verte;0;0;0
Contribution aux publications officielles de l'Académie de Condorcet    ;0;0;0
ul bonjour@sitevraimentsuper.fr SITE www.sitevraimentsuper.fr;0;0;0
Expert en Logistique  février 2019 à aujourd'hui  Responsable de toutes les activités de vente dans la zone, allant de la prospection des clients à la signature du contrat.;0;0;0
COMPÉTENCES Stagiaire en graphisme –;0;0;0
Gestion des flux de travail pour la rédaction d'articles  ;0;0;0
Institut;0;0;0
- Membre de l'équipe de natation  ;0;0;0
Assistant juridique SERVICE D'ASSISTANCES AUX POPULATIONS DÉMUNIES, 2017-PRÉSENT;0;0;0
- Je parle couramment en trois langues français, chinois et anglais  ;0;0;0
| MARS 2018 À PRÉSENT  + S'assure un excellent niveau de participation du personnel +_ Offre un accompagnement du personnel  + _ Supervise le système d'information des RH  + Contribue à la planification organisationnelle  Généraliste en ressources humaines LOGICIELS;0;0;0
- juin 2012  Licence en informatique avec option Littérature;0;0;0
- Marketing sur les réseaux sociaux  ;0;0;0
| MAI 2020;0;0;0
- déc 2016 DU Cyber-sécurité;0;0;0
 ;0;0;0
16/20  + Rédaction  TRE TA TENTE TT;0;0;0
Adobe;0;0;0
@canvasupersite.fr;0;0;0
Commercial Vendeur matériaux agricoles Startup d'outils de facilitation de production agricole  FORMATION  Ecole d'Ingénieur Diplôme d'ingénierie agronome Spécialité développement durable  Lycée Vauban Bac ES, option économie  COMPÉTENCES  + connaissances dans l'agroalimentaire, viticulture, agroenvironnement, biologie animale et végétale.;0;0;0
°;0;0;0
- Etudiante de septembre 2009 à juin 2013;0;0;0
BTS de contenu et de marketing par e-mail  École de marketing de Condorcet mars 2015  Programme en ligne pour renforcer mes compétences en création de contenu et marketing.;0;0;0
- Hacker éthique;0;0;0
Contribué à améliorer les processus d'embauche, d'intégration et de renvoi ou de licenciement.;0;0;0
Caviste;0;0;0
1ère place, Brest     LANGUES  Anglais  ° Mandarin;0;0;0
01 23 45 67 89 Vichy, @canvasupersite.fr  Allier bonjour@canvasupersite.fr www.canvasupersite.fr;0;0;0
Lycée Condorcet;0;0;0
- juin 2017  ;0;0;0
Ingénieur;0;0;0
E-mail :;0;0;0
suivi financier gestion des projets analyses anticipatives    ;0;0;0
AMÉLIE BAROUX;0;0;0
ol;0;0;0
• Sensibilité au branding de la marque Maîtrise de nombreux outils de marketing en ligne Gestion de l'interface du processus de SEO parcours scolaire références;0;0;0
-;0;0;0
    RÉCOMPENSE  ;0;0;0
SOCIAUX;0;0;0
- à aujourd'hui  1.Gestion du positionnement du coffrage en bois, dépouillement, structure, et coulée en béton  #;0;0;0
MASTER EN INGÉNIERIE LOGICIELLE, CLASSE DE 2008  + Diplômée avec les honneurs  + Maîtrise en programmation;0;0;0
Linkedin:;0;0;0
Meilleure ouvrière de France 2013  INFOS  98, rue Louis Pasteur 33000, Bordeaux  Tel : +33.67.19.46.52 j-amandier@maily.com     EXPÉRIENCES PROFESSIONNELLES  ;0;0;0
- À présenté un argument de vente qui a sécurisé un compte d'un  million d'euros  PARCOURS;0;0;0
